"","JULDAY","TIME","TALOC","TAREF","RHLOC","RH","VLOC","VREF","TS","T2","TDEEP","ZEN","SOLR","TSKYC","DEW","FROST","SNOWFALL","SNOWDEP"
"1",15,0,-13.8977661132812,-13.4153137207031,78.4828567504883,75.0999984741211,1.07559478282928,4.90000009536743,-14.7834358215332,-13.4640665054321,7.7416672706604,90,0,-31.7303314208984,0,0,0,0
"2",15,60,-13.8609256744385,-13.5766296386719,80.4939270019531,78.4301528930664,1.07731533050537,4.90783786773682,-14.3831434249878,-13.7944183349609,7.7416672706604,90,0,-31.7636871337891,0,0,0,0
"3",15,120,-14.0000400543213,-13.70849609375,83.9696578979492,81.7603149414062,1.07903587818146,4.91567611694336,-14.5358991622925,-13.9823093414307,7.7416672706604,90,0,-31.7672271728516,0,0,0,0
"4",15,180,-14.231969833374,-13.8163452148438,88.3916168212891,85.0904693603516,1.08075630664825,4.92351388931274,-14.9963483810425,-14.0802145004272,7.7416672706604,90,0,-31.7471313476562,0,0,0,0
"5",15,240,-14.2070045471191,-13.904541015625,90.9045791625977,88.4206237792969,1.08247685432434,4.93135166168213,-14.7636070251465,-14.2696008682251,7.7416672706604,90,0,-31.7082366943359,0,0,0,0
"6",15,300,-14.2830762863159,-13.9766540527344,94.3642349243164,91.7507858276367,1.08419740200043,4.93918991088867,-14.8473052978516,-14.3792495727539,7.7416672706604,90,0,-31.6544952392578,0,0,0,0
"7",15,360,-14.2358417510986,-14.0355834960938,96.8425064086914,95.080940246582,1.08635079860687,4.94899988174438,-14.6048631668091,-14.5251426696777,7.7416672706604,90,1.61131065397058e-05,-31.5890960693359,0,0,0,0
"8",15,420,-14.3925428390503,-14.0838012695312,100,99.2490005493164,1.08729231357574,4.95328950881958,-14.9616584777832,-14.5431137084961,7.7416672706604,90,0.346966475248337,-31.4817962646484,0,0,0,0
"9",15,480,-13.9264802932739,-13.8422241210938,100,99.2490005493164,1.08355009555817,4.93624114990234,-14.0815896987915,-14.1058492660522,7.7416672706604,84.6508483886719,36.3007202148438,-31.1684722900391,0,0,0,0
"10",15,540,-11.6412973403931,-11.9533386230469,87.1240768432617,89.6059951782227,1.0798077583313,4.91919326782227,-11.0676107406616,-12.1343965530396,7.7416672706604,76.4525604248047,120.767585754395,-29.2527770996094,0,0,0,0
"11",15,600,-8.26174259185791,-9.13128662109375,71.0752182006836,76.7209930419922,1.07606554031372,4.90214490890503,-6.66519784927368,-8.93964099884033,7.7416672706604,69.9729843139648,200.663970947266,-26.3748474121094,0,0,0,0
"12",15,660,-4.9563775062561,-6.19815063476562,45.7987518310547,50.951000213623,1.07232332229614,4.88509654998779,-2.67942237854004,-5.50346994400024,7.7416672706604,65.7644805908203,251.119369506836,-24.3528900146484,0,0,0,0
"13",15,720,-2.50658059120178,-4.0084228515625,44.887264251709,50.951000213623,1.06483888626099,4.85099983215332,0.239910423755646,-2.62515497207642,7.7416672706604,64.2979888916016,269.572875976562,-21.6558074951172,0,0,0,0
"14",15,780,-1.58359587192535,-3.20001220703125,46.2518615722656,52.9634170532227,1.06483888626099,4.85099983215332,1.37242197990417,-1.01906776428223,7.7416672706604,65.7644805908203,251.0205078125,-20.5031890869141,0,0,0,0
"15",15,840,-2.34145355224609,-4.0084228515625,47.7671699523926,54.9758338928223,1.06581676006317,4.85545444488525,0.708078265190125,-1.18302822113037,7.7416672706604,69.9729843139648,201.522033691406,-21.3551025390625,0,0,0,0
"16",15,900,-5.10544013977051,-6.19815063476562,51.8825454711914,56.9882507324219,1.06679451465607,4.85990905761719,-3.10575199127197,-2.96220684051514,7.7416672706604,76.4525604248047,121.544212341309,-23.9181213378906,0,0,0,0
"17",15,960,-8.5700159072876,-9.13128662109375,56.1570510864258,59.0006675720215,1.06777226924896,4.86436367034912,-7.54251623153687,-6.15091943740845,7.7416672706604,84.6508483886719,36.6127662658691,-27.3928070068359,0,0,0,0
"18",15,1020,-10.5504140853882,-10.6796875,60.3136177062988,61.0130844116211,1.06875002384186,4.8688178062439,-10.3136768341064,-8.95218467712402,7.7416672706604,90,0.349585264921188,-29.1639862060547,0,0,0,0
"19",15,1080,-11.4242506027222,-11.3397827148438,63.5049171447754,63.0254974365234,1.06972789764404,4.87327289581299,-11.5789918899536,-10.4897899627686,7.7416672706604,90,1.62260330398567e-05,-29.8498840332031,0,0,0,0
"20",15,1140,-12.0381927490234,-11.8795166015625,65.9746856689453,65.0379180908203,1.07070577144623,4.87772703170776,-12.3289813995361,-11.3723926544189,7.7416672706604,90,0,-30.3922271728516,0,0,0,0
"21",15,1200,-12.5173349380493,-12.3208618164062,68.2525253295898,67.0503311157227,1.07168364524841,4.88218212127686,-12.8775119781494,-12.0219478607178,7.7416672706604,90,0,-30.8177490234375,0,0,0,0
"22",15,1260,-12.7639188766479,-12.6817016601562,69.5793533325195,69.0627517700195,1.07266139984131,4.88663625717163,-12.9146976470947,-12.5995111465454,7.7416672706604,90,0,-31.1481323242188,0,0,0,0
"23",15,1320,-13.2197704315186,-12.9767761230469,72.6630630493164,71.0751647949219,1.0736391544342,4.89109086990356,-13.6655406951904,-12.9389743804932,7.7416672706604,90,0,-31.4011535644531,0,0,0,0
"24",15,1380,-13.4768695831299,-13.2180480957031,74.8314208984375,73.0875854492188,1.07461714744568,4.8955454826355,-13.9518404006958,-13.2740907669067,7.7416672706604,90,0,-31.59130859375,0,0,0,0
"25",46,0,-11.5546836853027,-11.3197021484375,75.7816696166992,74.1999969482422,1.05364394187927,4.80000019073486,-11.9826755523682,-11.1706514358521,7.7416672706604,90,0,-29.9903106689453,0,0,0,0
"26",46,60,-11.7274942398071,-11.4763793945312,79.8411254882812,78.0589828491211,1.05556201934814,4.80873775482178,-12.1851949691772,-11.4338817596436,7.7416672706604,90,0,-29.9790191650391,0,0,0,0
"27",46,120,-11.86510181427,-11.6015625,83.8835983276367,81.91796875,1.05748009681702,4.81747579574585,-12.345778465271,-11.6467618942261,7.7416672706604,90,0,-29.9376678466797,0,0,0,0
"28",46,180,-12.0962200164795,-11.7016296386719,88.8810958862305,85.7769546508789,1.0593980550766,4.82621335983276,-12.8164224624634,-11.7603912353516,7.7416672706604,90,0,-29.8733062744141,0,0,0,0
"29",46,240,-12.0632801055908,-11.7816162109375,91.9401321411133,89.6359405517578,1.06131601333618,4.83495140075684,-12.5777215957642,-11.9644374847412,7.7416672706604,90,0,-29.7914428710938,0,0,0,0
"30",46,300,-12.1334981918335,-11.8455505371094,95.9536666870117,93.4949264526367,1.0641804933548,4.84800052642822,-12.6599588394165,-12.0828714370728,7.7416672706604,90,0,-29.6964569091797,0,0,0,0
"31",46,360,-12.0775728225708,-11.8966369628906,100,99.2580032348633,1.06577849388123,4.85528039932251,-12.4085712432861,-12.2325048446655,7.7416672706604,90,0.00375135359354317,-29.5106506347656,0,0,0,0
"32",46,420,-12.1406755447388,-11.91845703125,100,99.2580032348633,1.06253969669342,4.84052610397339,-12.5467252731323,-12.1338539123535,7.7416672706604,87.8699111938477,10.7336463928223,-29.5154266357422,0,0,0,0
"33",46,480,-10.2748794555664,-10.5560302734375,91.3091583251953,93.6244964599609,1.0593010187149,4.82577180862427,-9.76174640655518,-10.6076774597168,7.7416672706604,78.2332229614258,100.734115600586,-28.0678863525391,0,0,0,0
"34",46,540,-7.24543571472168,-8.15194702148438,76.2303314208984,82.5038757324219,1.05606234073639,4.81101751327515,-5.59286975860596,-7.27840709686279,7.7416672706604,69.4261169433594,211.890197753906,-25.5708465576172,0,0,0,0
"35",46,600,-3.46032190322876,-5.25582885742188,61.271900177002,71.3832473754883,1.05282366275787,4.79626321792603,-0.190945819020271,-3.28314542770386,7.7416672706604,62.3166122436523,305.131652832031,-22.5310363769531,0,0,0,0
"36",46,660,-0.170604705810547,-2.5299072265625,40.3853607177734,49.1420021057129,1.04958486557007,4.7815089225769,4.1203351020813,0.632982075214386,7.7416672706604,57.6067695617676,365.581848144531,-20.6871643066406,0,0,0,0
"37",46,720,2.10059857368469,-0.597320556640625,40.2044525146484,49.1420021057129,1.04310750961304,4.75200033187866,6.99585199356079,3.59258627891541,7.7416672706604,55.9447364807129,377.404083251953,-18.2558898925781,0,0,0,0
"38",46,780,3.09045267105103,0.100006103515625,41.34130859375,51.230167388916,1.04310750961304,4.75200033187866,8.51648426055908,5.2122368812561,7.7416672706604,57.6067695617676,365.451324462891,-17.1990814208984,0,0,0,0
"39",46,840,2.0387716293335,-0.597320556640625,43.8142967224121,53.3183364868164,1.04406535625458,4.75636386871338,6.8235125541687,5.23448419570923,7.7416672706604,62.3166122436523,306.077545166016,-17.9028930664062,0,0,0,0
"40",46,900,-0.423235893249512,-2.5299072265625,46.4930458068848,55.4065017700195,1.04502320289612,4.7607274055481,3.40189337730408,3.28366565704346,7.7416672706604,69.4261169433594,212.877365112305,-20.1761779785156,0,0,0,0
"41",46,960,-3.86868667602539,-5.255859375,51.0857810974121,57.4946670532227,1.04598116874695,4.76509094238281,-1.34908902645111,-0.222765624523163,7.7416672706604,78.2332229614258,101.36107635498,-23.4485473632812,0,0,0,0
"42",46,1020,-7.56925535202026,-8.15194702148438,56.6260108947754,59.5828323364258,1.0469388961792,4.76945495605469,-6.5105128288269,-4.28389263153076,7.7416672706604,87.8699111938477,10.817310333252,-26.9280242919922,0,0,0,0
"43",46,1080,-8.96680355072021,-9.10629272460938,60.9174385070801,61.6709976196289,1.04789686203003,4.7738184928894,-8.71326732635498,-6.97762823104858,7.7416672706604,90,0.003775225719437,-27.9792938232422,0,0,0,0
"44",46,1140,-9.71905326843262,-9.70733642578125,63.8254051208496,63.7591667175293,1.04885470867157,4.77818250656128,-9.74035549163818,-8.35090446472168,7.7416672706604,90,0,-28.5940399169922,0,0,0,0
"45",46,1200,-10.2947120666504,-10.1876831054688,66.4772262573242,65.8473358154297,1.04981255531311,4.782546043396,-10.489387512207,-9.22884273529053,7.7416672706604,90,0,-29.0625915527344,0,0,0,0
"46",46,1260,-10.7123556137085,-10.5716247558594,68.7938690185547,67.9355010986328,1.05077040195465,4.78690958023071,-10.9684152603149,-9.89499378204346,7.7416672706604,90,0,-29.4149780273438,0,0,0,0
"47",46,1320,-11.0560035705566,-10.8784790039062,71.1443634033203,70.0236663818359,1.05172836780548,4.79127311706543,-11.3791236877441,-10.4057416915894,7.7416672706604,90,0,-29.6750183105469,0,0,0,0
"48",46,1380,-11.2230596542358,-11.1237182617188,72.7565689086914,72.1118316650391,1.05268609523773,4.79563665390015,-11.403938293457,-10.8655319213867,7.7416672706604,90,0,-29.8617401123047,0,0,0,0
"49",74,0,-4.5801477432251,-4.4185791015625,75.3799819946289,74.3499984741211,1.14144742488861,5.19999980926514,-4.88355588912964,-4.07735967636108,7.7416672706604,90,0,-21.0592041015625,0,0,0,0
"50",74,60,-4.71874380111694,-4.56317138671875,79.4880599975586,78.4406127929688,1.14369058609009,5.21021842956543,-5.01111268997192,-4.21011114120483,7.7416672706604,90,0,-21.013916015625,0,0,0,0
"51",74,120,-4.8257851600647,-4.67709350585938,83.5848388671875,82.5312194824219,1.14593362808228,5.22043704986572,-5.10543060302734,-4.30748987197876,7.7416672706604,90,0,-20.9408264160156,0,0,0,0
"52",74,180,-4.71658515930176,-4.766845703125,86.2513275146484,86.6218338012695,1.14817678928375,5.23065614700317,-4.62199020385742,-4.47818326950073,7.7416672706604,90,0,-20.8470764160156,0,0,0,0
"53",74,240,-4.9725546836853,-4.83755493164062,91.7646102905273,90.7124481201172,1.15041995048523,5.24087476730347,-5.22683095932007,-4.43615484237671,7.7416672706604,90,0,-20.7381744384766,0,0,0,0
"54",74,300,-5.02192068099976,-4.89324951171875,95.8512344360352,94.8030624389648,1.15286195278168,5.2519998550415,-5.26447200775146,-4.47778606414795,7.7416672706604,90,9.2470996605698e-05,-20.618408203125,0,0,0,0
"55",74,360,-4.84430885314941,-4.9371337890625,98.4725570678711,99.2565002441406,1.15315508842468,5.25333452224731,-4.66931200027466,-4.56023645401001,7.7416672706604,90,3.86281609535217,-20.4752655029297,0,0,0,0
"56",74,420,-4.25831365585327,-4.59674072265625,96.4380416870117,99.2565002441406,1.14985179901123,5.23828649520874,-3.62099671363831,-3.57453465461731,7.7416672706604,80.7546997070312,70.8346710205078,-20.0402374267578,0,0,0,0
"57",74,480,-1.84262502193451,-2.9921875,81.7428588867188,90.0135955810547,1.14654862880707,5.22323846817017,0.319815278053284,-0.947726964950562,7.7416672706604,70.3246841430664,195.300003051758,-18.4317779541016,0,0,0,0
"58",74,540,1.49529337882996,-0.6072998046875,68.1826553344727,79.8710708618164,1.14324557781219,5.20819091796875,5.44611406326294,2.90143370628357,7.7416672706604,60.8007431030273,315.985015869141,-15.9254760742188,0,0,0,0
"59",74,600,4.89018821716309,2.07354736328125,57.1511688232422,69.7285461425781,1.13994240760803,5.19314336776733,10.1768646240234,6.99217510223389,7.7416672706604,52.8548316955566,403.185363769531,-13.2012329101562,0,0,0,0
"60",74,660,7.88938331604004,4.50592041015625,39.1382369995117,49.4435005187988,1.13663935661316,5.17809534072876,14.2329082489014,10.6366519927979,7.7416672706604,47.4098243713379,466.939056396484,-11.7397155761719,0,0,0,0
"61",74,720,9.91959857940674,6.19580078125,38.3752212524414,49.4435005187988,1.13003301620483,5.14799976348877,16.8856582641602,13.325306892395,7.7416672706604,45.4429550170898,487.920104980469,-9.67230224609375,0,0,0,0
"62",74,780,10.677433013916,6.79998779296875,39.6270866394043,51.51904296875,1.13003301620483,5.14799976348877,17.9309196472168,14.5010204315186,7.7416672706604,47.4098243713379,466.766235351562,-8.74728393554688,0,0,0,0
"63",74,840,9.66530609130859,6.19580078125,42.3130378723145,53.5945816040039,1.13107061386108,5.15272665023804,16.1579418182373,14.0547981262207,7.7416672706604,52.8548316955566,404.349517822266,-9.31100463867188,0,0,0,0
"64",74,900,7.43820810317993,4.50592041015625,45.4454154968262,55.6701240539551,1.13210821151733,5.15745401382446,12.9274492263794,11.9396562576294,7.7416672706604,60.8007431030273,317.356018066406,-11.2145385742188,0,0,0,0
"65",74,960,4.27940797805786,2.07354736328125,49.3966979980469,57.7456665039062,1.13314604759216,5.16218185424805,8.4102258682251,8.31135559082031,7.7416672706604,70.3246841430664,196.431854248047,-14.0336608886719,0,0,0,0
"66",74,1020,0.459138780832291,-0.6072998046875,55.027042388916,59.8212089538574,1.1341837644577,5.16690874099731,2.45691013336182,3.94115972518921,7.7416672706604,80.7546997070312,71.348762512207,-17.1834106445312,0,0,0,0
"67",74,1080,-1.97293412685394,-2.24929809570312,60.4823608398438,61.8967514038086,1.13522148132324,5.17163610458374,-1.45503735542297,0.20356185734272,7.7416672706604,90,3.88877701759338,-19.1058197021484,0,0,0,0
"68",74,1140,-2.85900473594666,-2.854248046875,63.9978713989258,63.9722900390625,1.13625919818878,5.17636346817017,-2.86792206764221,-1.79647135734558,7.7416672706604,90,9.31592294364236e-05,-19.7270202636719,0,0,0,0
"69",74,1200,-3.44174432754517,-3.330810546875,66.6695556640625,66.0478363037109,1.13729679584503,5.18109035491943,-3.64977598190308,-2.70121502876282,7.7416672706604,90,0,-20.1913452148438,0,0,0,0
"70",74,1260,-3.84719467163086,-3.70623779296875,68.9415664672852,68.1233749389648,1.13833451271057,5.18581771850586,-4.11161994934082,-3.2363452911377,7.7416672706604,90,0,-20.5327911376953,0,0,0,0
"71",74,1320,-4.09251880645752,-4.00201416015625,70.7402954101562,70.1989135742188,1.13937211036682,5.19054508209229,-4.26235771179199,-3.61815142631531,7.7416672706604,90,0,-20.7780303955078,0,0,0,0
"72",74,1380,-4.38732242584229,-4.23501586914062,73.2167510986328,72.2744598388672,1.14040982723236,5.19527244567871,-4.67323875427246,-3.83504009246826,7.7416672706604,90,0,-20.947998046875,0,0,0,0
"73",105,0,1.84480166435242,1.81661987304688,70.2581787109375,70.4000015258789,1.1633985042572,5.30000019073486,1.89811110496521,3.05356979370117,7.7416672706604,90,0,-13.5775756835938,0,0,0,0
"74",105,60,1.66747879981995,1.66796875,75.9191207885742,75.9164962768555,1.16614365577698,5.3125057220459,1.6665506362915,2.71121764183044,7.7416672706604,90,0,-13.42333984375,0,0,0,0
"75",105,120,1.53303122520447,1.55517578125,81.5625534057617,81.432991027832,1.16888868808746,5.32501125335693,1.49106597900391,2.44702053070068,7.7416672706604,90,0,-13.2471618652344,0,0,0,0
"76",105,180,1.39136517047882,1.46954345703125,87.4390335083008,86.9494857788086,1.17163383960724,5.33751678466797,1.243079662323,2.25909161567688,7.7416672706604,90,0,-13.056884765625,0,0,0,0
"77",105,240,1.35386538505554,1.40457153320312,92.803596496582,92.4659805297852,1.17503249645233,5.35300016403198,1.25758123397827,2.07147026062012,7.7416672706604,90,1.68725709954742e-05,-12.858154296875,0,0,0,0
"78",105,300,1.29864776134491,1.35525512695312,99.7008666992188,99.2959976196289,1.17574620246887,5.35625171661377,1.19113314151764,1.94427120685577,7.7416672706604,90,0.315637230873108,-12.5942993164062,0,0,0,0
"79",105,360,1.73527598381042,1.51605224609375,97.7474365234375,99.2959976196289,1.17274856567383,5.34259557723999,2.15124154090881,2.40669298171997,7.7416672706604,83.495735168457,45.5211906433105,-12.3886108398438,0,0,0,0
"80",105,420,3.82037711143494,2.8326416015625,85.4714660644531,91.6541900634766,1.16975092887878,5.32893896102905,5.6927170753479,4.53837490081787,7.7416672706604,72.5591278076172,165.302825927734,-11.1214904785156,0,0,0,0
"81",105,480,6.90293121337891,4.96807861328125,71.3920440673828,81.624153137207,1.16675329208374,5.31528234481812,10.5670099258423,8.26836776733398,7.7416672706604,61.7409057617188,300.812438964844,-8.99835205078125,0,0,0,0
"82",105,540,10.4736623764038,7.5772705078125,58.875675201416,71.5941162109375,1.16375541687012,5.30162620544434,15.9532251358032,12.6980199813843,7.7416672706604,51.4899406433105,419.143341064453,-6.36383056640625,0,0,0,0
"83",105,600,13.9391717910767,10.2386474609375,48.2411499023438,61.5640754699707,1.16075778007507,5.2879695892334,20.933126449585,17.172399520874,7.7416672706604,42.5123825073242,510.639587402344,-3.76763916015625,0,0,0,0
"84",105,660,16.8654022216797,12.5220947265625,31.3554401397705,41.5039978027344,1.15775990486145,5.27431297302246,25.0660820007324,21.0711193084717,7.7416672706604,35.9922904968262,572.249328613281,-2.79852294921875,0,0,0,0
"85",105,720,18.8247146606445,14.0586547851562,30.6391143798828,41.5039978027344,1.15176451206207,5.24700021743774,27.805736541748,24.0099010467529,7.7416672706604,33.525318145752,593.033935546875,-0.907867431640625,0,0,0,0
"86",105,780,19.6492176055908,14.6000366210938,31.891902923584,43.9119987487793,1.15176451206207,5.24700021743774,29.163745880127,25.4999885559082,7.7416672706604,35.9922904968262,572.042053222656,0.027191162109375,0,0,0,0
"87",105,840,18.7363872528076,14.0586547851562,34.3837661743164,46.3199996948242,1.15282213687897,5.25181818008423,27.5540676116943,25.5228137969971,7.7416672706604,42.5123825073242,511.814636230469,-0.386962890625,0,0,0,0
"88",105,900,16.7116069793701,12.5220947265625,37.1743087768555,48.7279968261719,1.15387988090515,5.25663661956787,24.611743927002,23.8130836486816,7.7416672706604,51.4899406433105,420.592315673828,-2.04501342773438,0,0,0,0
"89",105,960,13.8321981430054,10.2386474609375,40.3493003845215,51.1359977722168,1.15493750572205,5.26145458221436,20.6109104156494,20.5300273895264,7.7416672706604,61.7409057617188,302.201080322266,-4.63876342773438,0,0,0,0
"90",105,1020,9.94445419311523,7.5772705078125,45.6187362670898,53.5439987182617,1.15599501132965,5.266273021698,14.4113712310791,16.3054904937744,7.7416672706604,72.5591278076172,166.25813293457,-7.7091064453125,0,0,0,0
"91",105,1080,6.28816413879395,4.96807861328125,51.0540199279785,55.9519996643066,1.15705275535583,5.27109098434448,8.78006076812744,11.5667295455933,7.7416672706604,83.495735168457,45.8373603820801,-10.7228698730469,0,0,0,0
"92",105,1140,4.19618558883667,3.64889526367188,56.1552886962891,58.3600006103516,1.15811038017273,5.27590942382812,5.22965478897095,8.03774070739746,7.7416672706604,90,0.317599803209305,-12.1571960449219,0,0,0,0
"93",105,1200,3.40829992294312,3.05856323242188,59.2826385498047,60.7679977416992,1.15916800498962,5.28072738647461,4.06895208358765,6.05338621139526,7.7416672706604,90,1.69508803082863e-05,-12.7032775878906,0,0,0,0
"94",105,1260,2.82424211502075,2.61053466796875,62.2238349914551,63.1760025024414,1.16022574901581,5.28554582595825,3.22807669639587,4.94566488265991,7.7416672706604,90,0,-13.0817260742188,0,0,0,0
"95",105,1320,2.56081700325012,2.27053833007812,64.2418594360352,65.5839996337891,1.16128325462341,5.29036378860474,3.10953617095947,4.07942008972168,7.7416672706604,90,0,-13.3339233398438,0,0,0,0
"96",105,1380,2.09830403327942,2.01248168945312,67.5763854980469,67.9920043945312,1.16234087944031,5.29518222808838,2.26059198379517,3.57101535797119,7.7416672706604,90,0,-13.4912719726562,0,0,0,0
"97",135,0,7.77847099304199,7.45010375976562,68.4476699829102,70,1.00974214076996,4.59999990463257,8.36696720123291,9.34942817687988,7.7416672706604,90,0,-7.5169677734375,0,0,0,0
"98",135,60,7.4476752281189,7.29873657226562,75.791259765625,76.5675888061523,1.01265931129456,4.61328983306885,7.71489381790161,8.99184322357178,7.7416672706604,90,0,-7.23724365234375,0,0,0,0
"99",135,120,7.30432796478271,7.18902587890625,82.4812316894531,83.1351699829102,1.01557648181915,4.62657928466797,7.51142263412476,8.66961193084717,7.7416672706604,90,0,-6.9412841796875,0,0,0,0
"100",135,180,7.01364231109619,7.1094970703125,90.2945556640625,89.7027587890625,1.01983952522278,4.64599990844727,6.84120178222656,8.52270317077637,7.7416672706604,90,4.7009157242428e-06,-6.63818359375,0,0,0,0
"101",135,240,7.12997913360596,7.05184936523438,98.7693176269531,99.3000030517578,1.02093052864075,4.65097045898438,7.27058982849121,8.23656845092773,7.7416672706604,90,0.0165589284151793,-6.16778564453125,0,0,0,0
"102",135,300,7.17541599273682,7.04095458984375,98.3887100219727,99.3000030517578,1.01856553554535,4.64019584655762,7.41719245910645,8.22080707550049,7.7416672706604,87.7024230957031,11.6432437896729,-6.17581176757812,0,0,0,0
"103",135,360,8.79347801208496,8.0233154296875,89.6615676879883,94.4721984863281,1.01620030403137,4.62942123413086,10.177098274231,9.72692203521729,7.7416672706604,77.3406753540039,113.797454833984,-5.18072509765625,0,0,0,0
"104",135,420,11.5865097045898,9.8189697265625,76.0103225708008,85.5101699829102,1.01383531093597,4.6186466217041,14.7591409683228,13.051944732666,7.7416672706604,66.5331954956055,247.137008666992,-3.40170288085938,0,0,0,0
"105",135,480,15.11376953125,12.1876831054688,63.2731628417969,76.5481338500977,1.011470079422,4.6078724861145,20.3612728118896,17.4948482513428,7.7416672706604,55.5922431945801,382.788696289062,-0.950897216796875,0,0,0,0
"106",135,540,18.858549118042,14.8123168945312,52.2753715515137,67.5861053466797,1.00910496711731,4.59709787368774,26.1084251403809,22.4970207214355,7.7416672706604,44.8979148864746,507.794555664062,1.74331665039062,0,0,0,0
"107",135,600,22.469612121582,17.3416748046875,42.6600723266602,58.6240692138672,1.00673997402191,4.58632373809814,31.649471282959,27.3292217254639,7.7416672706604,35.0836791992188,604.125305175781,4.20297241210938,0,0,0,0
"108",135,660,25.2935581207275,19.4370727539062,28.5024280548096,40.7000007629395,1.00437486171722,4.57554864883423,35.7682838439941,31.4274921417236,7.7416672706604,27.4480094909668,664.575927734375,4.84487915039062,0,0,0,0
"109",135,720,27.1779937744141,20.818115234375,27.7758121490479,40.7000007629395,0.999644696712494,4.55399990081787,38.5327377319336,34.4500503540039,7.7416672706604,24.3555736541748,685.549743652344,6.60311889648438,0,0,0,0
"110",135,780,27.832836151123,21.2999877929688,29.18727684021,43.1416664123535,0.999644696712494,4.55399990081787,39.496395111084,36.0877304077148,7.7416672706604,27.4480094909668,664.380187988281,7.54611206054688,0,0,0,0
"111",135,840,27.3437843322754,20.818115234375,30.8077373504639,45.5833358764648,1.00056254863739,4.55818176269531,38.9985809326172,35.9960479736328,7.7416672706604,35.0836791992188,605.077392578125,7.2418212890625,0,0,0,0
"112",135,900,25.1987476348877,19.4370727539062,33.8223648071289,48.0250015258789,1.00148057937622,4.56236362457275,35.4926300048828,34.4224510192871,7.7416672706604,44.8979148864746,508.996246337891,5.76971435546875,0,0,0,0
"113",135,960,22.1916732788086,17.3416748046875,37.350269317627,50.466667175293,1.00239849090576,4.5665454864502,30.8597507476807,31.1714725494385,7.7416672706604,55.5922431945801,383.997772216797,3.3665771484375,0,0,0,0
"114",135,1020,18.6630802154541,14.8123168945312,41.4259643554688,52.908332824707,1.0033164024353,4.57072734832764,25.5476837158203,26.6823711395264,7.7416672706604,66.5331954956055,248.113876342773,0.3936767578125,0,0,0,0
"115",135,1080,14.6480484008789,12.1876831054688,47.1455230712891,55.3499984741211,1.00423443317413,4.57490921020508,19.0483493804932,21.7224864959717,7.7416672706604,77.3406753540039,114.33780670166,-2.71310424804688,0,0,0,0
"116",135,1140,11.1653566360474,9.8189697265625,52.8252258300781,57.7916679382324,1.00515246391296,4.57909059524536,13.5741710662842,16.824743270874,7.7416672706604,87.7024230957031,11.7078113555908,-5.50387573242188,0,0,0,0
"117",135,1200,9.53975009918213,8.892822265625,57.6625289916992,60.2333335876465,1.00607025623322,4.58327293395996,10.697564125061,13.7322406768799,7.7416672706604,90,0.0166373159736395,-6.46609497070312,0,0,0,0
"118",135,1260,8.87672996520996,8.344482421875,60.455249786377,62.6750030517578,1.00698816776276,4.58745431900024,9.82962989807129,11.9740219116211,7.7416672706604,90,4.71546763947117e-06,-6.95626831054688,0,0,0,0
"119",135,1320,8.33437919616699,7.947021484375,63.4237899780273,65.1166687011719,1.00790619850159,4.59163618087769,9.02812004089355,10.8883113861084,7.7416672706604,90,0,-7.26254272460938,0,0,0,0
"120",135,1380,7.94648218154907,7.658935546875,66.2466354370117,67.5583343505859,1.00882411003113,4.59581804275513,8.46164226531982,10.1069488525391,7.7416672706604,90,0,-7.4368896484375,0,0,0,0
"121",166,0,13.1490840911865,12.8131103515625,69.5051879882812,71.0500030517578,0.943889379501343,4.30000019073486,13.7360363006592,15.2627601623535,7.7416672706604,90,0,-1.09765625,0,0,0,0
"122",166,60,12.9450178146362,12.6663208007812,76.2869873046875,77.69287109375,0.946792721748352,4.3132266998291,13.4324722290039,14.7924089431763,7.7416672706604,90,0,-0.75421142578125,0,0,0,0
"123",166,120,12.8002920150757,12.5614929199219,83.0251541137695,84.3357315063477,0.949696063995361,4.32645273208618,13.2184467315674,14.4457721710205,7.7416672706604,90,0,-0.39776611328125,0,0,0,0
"124",166,180,12.831844329834,12.4866943359375,88.9417266845703,90.9785995483398,0.953328311443329,4.3430004119873,13.4371004104614,14.1064729690552,7.7416672706604,90,0.000212436498259194,-0.03765869140625,0,0,0,0
"125",166,240,12.6310796737671,12.4332885742188,98.0083847045898,99.2894973754883,0.953870058059692,4.34546852111816,12.9780006408691,13.9907741546631,7.7416672706604,90,0.536515831947327,0.422943115234375,0,0,0,0
"126",166,300,12.9997615814209,12.5533447265625,96.4266662597656,99.2894973754883,0.951712310314178,4.33563852310181,13.7820987701416,14.3633632659912,7.7416672706604,84.4750442504883,40.3373603820801,0.584686279296875,0,0,0,0
"127",166,360,14.744047164917,13.6450805664062,86.6272201538086,93.0222473144531,0.949554622173309,4.32580900192261,16.6683101654053,16.4852771759033,7.7416672706604,74.3389739990234,155.771270751953,1.63677978515625,0,0,0,0
"128",166,420,17.8723011016846,15.464599609375,72.6403732299805,84.6536254882812,0.947396993637085,4.31597900390625,22.0845069885254,20.1022109985352,7.7416672706604,63.6654396057129,294.207672119141,3.47528076171875,0,0,0,0
"129",166,480,21.4624137878418,17.7796630859375,60.6845397949219,76.2849960327148,0.945239186286926,4.30614948272705,27.8997364044189,24.8037490844727,7.7416672706604,52.7392730712891,431.995971679688,5.9022216796875,0,0,0,0
"130",166,540,25.2292957305908,20.2950439453125,50.3529853820801,67.916374206543,0.943081378936768,4.29631948471069,33.8467559814453,29.9835243225098,7.7416672706604,41.8914985656738,559.896606445312,8.50753784179688,0,0,0,0
"131",166,600,28.7386302947998,22.68994140625,41.6015014648438,59.5477447509766,0.940923810005188,4.28648996353149,39.2932777404785,34.8837661743164,7.7416672706604,31.6745738983154,652.494323730469,10.8426513671875,0,0,0,0
"132",166,660,31.5128135681152,24.6587524414062,28.7202949523926,42.8104972839355,0.93876588344574,4.27665996551514,43.4624328613281,39.0030326843262,7.7416672706604,23.3534679412842,715.822204589844,11.3378601074219,0,0,0,0
"133",166,720,33.3454322814941,25.9503173828125,27.9695892333984,42.8104972839355,0.934450447559357,4.25700044631958,46.215950012207,42.0275917053223,7.7416672706604,19.7898960113525,735.2626953125,13.0293273925781,0,0,0,0
"134",166,780,34.1453285217285,26.3999633789062,28.9782638549805,45.1637878417969,0.934450447559357,4.25700044631958,47.6254234313965,43.6017684936523,7.7416672706604,23.3534679412842,715.646179199219,13.9618225097656,0,0,0,0
"135",166,840,33.3166809082031,25.9503173828125,31.0945777893066,47.5170822143555,0.935308516025543,4.26090955734253,46.1416130065918,43.6973724365234,7.7416672706604,31.6745738983154,653.316528320312,13.697265625,0,0,0,0
"136",166,900,31.4630260467529,24.6587524414062,33.5512771606445,49.8703727722168,0.936166644096375,4.26481819152832,43.3134460449219,42.0591583251953,7.7416672706604,41.8914985656738,560.955749511719,12.3079223632812,0,0,0,0
"137",166,960,28.6894683837891,22.68994140625,36.5887718200684,52.2236671447754,0.937024712562561,4.26872730255127,39.1419448852539,38.7379951477051,7.7416672706604,52.7392730712891,433.086578369141,10.0103759765625,0,0,0,0
"138",166,1020,24.8986301422119,20.2950439453125,41.2683067321777,54.5769577026367,0.937882721424103,4.27263689041138,32.9218444824219,34.3981170654297,7.7416672706604,63.6654396057129,295.136932373047,7.136962890625,0,0,0,0
"139",166,1080,21.0304145812988,17.7796630859375,46.5040588378906,56.9302520751953,0.938740909099579,4.27654600143433,26.6978397369385,29.2653141021729,7.7416672706604,74.3389739990234,156.362228393555,4.09201049804688,0,0,0,0
"140",166,1140,17.4067687988281,15.4645385742188,52.3865051269531,59.2835426330566,0.939598977565765,4.28045463562012,20.7940616607666,24.1202774047852,7.7416672706604,84.4750442504883,40.5160522460938,1.29861450195312,0,0,0,0
"141",166,1200,15.4088878631592,14.2752990722656,57.2923355102539,61.636833190918,0.940457046031952,4.28436374664307,17.3865737915039,20.312837600708,7.7416672706604,90,0.53863936662674,-0.02789306640625,0,0,0,0
"142",166,1260,14.4681663513184,13.7101745605469,60.9201011657715,63.9901275634766,0.941315114498138,4.28827333450317,15.7910318374634,18.1862087249756,7.7416672706604,90,0.000213032719329931,-0.545135498046875,0,0,0,0
"143",166,1320,13.7042360305786,13.3067626953125,64.6471252441406,66.3434143066406,0.94217324256897,4.29218244552612,14.398157119751,17.0199584960938,7.7416672706604,90,0,-0.858856201171875,0,0,0,0
"144",166,1380,13.4738054275513,13.0187377929688,66.6854553222656,68.6967086791992,0.943031311035156,4.29609107971191,14.2685470581055,16.0346221923828,7.7416672706604,90,0,-1.02883911132812,0,0,0,0
"145",196,0,16.1519794464111,15.7113342285156,70.7291030883789,72.75,0.834134757518768,3.79999995231628,16.8868503570557,18.4124774932861,7.7416672706604,90,0,2.73117065429688,0,0,0,0
"146",196,60,15.915509223938,15.5671997070312,77.1366195678711,78.8760070800781,0.836640059947968,3.81141304969788,16.4970436096191,17.944580078125,7.7416672706604,90,0,3.04888916015625,0,0,0,0
"147",196,120,15.7389898300171,15.4636840820312,83.5152359008789,85.0020141601562,0.839145362377167,3.82282614707947,16.1991500854492,17.6026649475098,7.7416672706604,90,0,3.38381958007812,0,0,0,0
"148",196,180,15.6843709945679,15.3893432617188,89.4202117919922,91.1280212402344,0.84247612953186,3.83800005912781,16.1782264709473,17.300443649292,7.7416672706604,90,5.49967953702435e-05,3.72598266601562,0,0,0,0
"149",196,240,15.6145620346069,15.3359680175781,97.5137557983398,99.2724990844727,0.843110084533691,3.84088802337646,16.0810432434082,17.1008224487305,7.7416672706604,90,0.156866639852524,4.199462890625,0,0,0,0
"150",196,300,15.9936304092407,15.4026489257812,95.5851669311523,99.2724990844727,0.841186046600342,3.83212280273438,16.9823303222656,17.2950916290283,7.7416672706604,85.6405258178711,31.1400852203369,4.291015625,0,0,0,0
"151",196,360,17.7438507080078,16.4258422851562,86.4143524169922,93.9405136108398,0.839261889457703,3.82335734367371,19.9469585418701,19.3079395294189,7.7416672706604,75.4182586669922,143.779571533203,5.31100463867188,0,0,0,0
"152",196,420,20.764627456665,18.1858215332031,73.2464065551758,85.9883422851562,0.837337911128998,3.81459212303162,25.0715084075928,23.0853099822998,7.7416672706604,64.6904754638672,284.174041748047,7.10458374023438,0,0,0,0
"153",196,480,24.3261833190918,20.4541015625,61.6640434265137,78.0361785888672,0.835413813591003,3.80582690238953,30.7874126434326,28.036153793335,7.7416672706604,53.7522239685059,424.857482910156,9.51593017578125,0,0,0,0
"154",196,540,28.3738613128662,22.9360961914062,50.7614593505859,70.0840072631836,0.833489775657654,3.79706144332886,37.4398727416992,33.323673248291,7.7416672706604,42.9531478881836,553.970947265625,12.1341552734375,0,0,0,0
"155",196,600,31.9985008239746,25.3095397949219,42.1554489135742,62.1318397521973,0.831565618515015,3.78829598426819,43.1409149169922,38.506103515625,7.7416672706604,32.8786163330078,653.221069335938,14.508056640625,0,0,0,0
"156",196,660,34.939338684082,27.2662048339844,29.8650379180908,46.2275009155273,0.82964152097702,3.77953052520752,47.7101058959961,42.7752876281738,7.7416672706604,24.8162708282471,715.212036132812,15.1419982910156,0,0,0,0
"157",196,720,36.7252502441406,28.552001953125,29.1804847717285,46.2275009155273,0.825793385505676,3.76200008392334,50.3047485351562,45.984188079834,7.7416672706604,21.4407749176025,735.141906738281,16.8455810546875,0,0,0,0
"158",196,780,37.4096984863281,29,30.2312908172607,48.4377098083496,0.825793385505676,3.76200008392334,51.3820533752441,47.7104873657227,7.7416672706604,24.8162708282471,715.046081542969,17.7539367675781,0,0,0,0
"159",196,840,36.8373908996582,28.552001953125,31.7757301330566,50.6479187011719,0.826551735401154,3.76545453071594,50.6079292297363,47.7004585266113,7.7416672706604,32.8786163330078,654.009704589844,17.4592895507812,0,0,0,0
"160",196,900,34.7777938842773,27.2662048339844,34.4554710388184,52.8581237792969,0.827310085296631,3.76890921592712,47.2665367126465,46.0227584838867,7.7416672706604,42.9531478881836,554.975158691406,16.0360107421875,0,0,0,0
"161",196,960,31.7415542602539,25.3095397949219,37.910343170166,55.0683326721191,0.828068375587463,3.77236366271973,42.4390640258789,42.627799987793,7.7416672706604,53.7522239685059,425.885101318359,13.7060241699219,0,0,0,0
"162",196,1020,28.1447639465332,22.9360961914062,42.0429344177246,57.2785415649414,0.828826665878296,3.77581810951233,36.8106117248535,37.9081382751465,7.7416672706604,64.6904754638672,285.033996582031,10.8089599609375,0,0,0,0
"163",196,1080,24.0121173858643,20.4541015625,47.9019355773926,59.4887504577637,0.829584956169128,3.77927279472351,29.933744430542,32.6168479919434,7.7416672706604,75.4182586669922,144.302139282227,7.75674438476562,0,0,0,0
"164",196,1140,20.3391304016113,18.1858215332031,53.9536972045898,61.6989593505859,0.830343246459961,3.78272724151611,23.9241218566895,27.2809200286865,7.7416672706604,85.6405258178711,31.2722301483154,4.97869873046875,0,0,0,0
"165",196,1200,18.3174934387207,17.1230773925781,59.2734031677246,63.9091644287109,0.831101655960083,3.78618192672729,20.3067207336426,23.5501689910889,7.7416672706604,90,0.157451599836349,3.79107666015625,0,0,0,0
"166",196,1260,17.4963703155518,16.5809326171875,62.3922004699707,66.1193771362305,0.831859946250916,3.7896363735199,19.0214977264404,21.3910236358643,7.7416672706604,90,5.51379380340222e-05,3.28561401367188,0,0,0,0
"167",196,1320,16.8931369781494,16.191650390625,65.3469696044922,68.3295822143555,0.832618057727814,3.7930908203125,18.062219619751,20.1200523376465,7.7416672706604,90,0,2.9754638671875,0,0,0,0
"168",196,1380,16.544771194458,15.9120788574219,67.7498245239258,70.539794921875,0.833376467227936,3.79654550552368,17.5995635986328,19.1806621551514,7.7416672706604,90,0,2.80410766601562,0,0,0,0
"169",227,0,14.5457181930542,14.2196655273438,72.1121826171875,73.6500015258789,0.812183737754822,3.70000004768372,15.0840854644775,16.4874935150146,7.7416672706604,90,0,1.05450439453125,0,0,0,0
"170",227,60,14.3358774185181,14.065673828125,77.3550186157227,78.7213973999023,0.814188897609711,3.70913434028625,14.7824420928955,16.0433197021484,7.7416672706604,90,0,1.25155639648438,0,0,0,0
"171",227,120,14.1798801422119,13.949951171875,82.5522003173828,83.7927932739258,0.816194117069244,3.71826887130737,14.560230255127,15.7050371170044,7.7416672706604,90,0,1.47470092773438,0,0,0,0
"172",227,180,13.9281988143921,13.8630065917969,88.4887313842773,88.8641891479492,0.818199157714844,3.72740364074707,14.0361423492432,15.5144262313843,7.7416672706604,90,0,1.71441650390625,0,0,0,0
"173",227,240,13.9746932983398,13.7976379394531,92.8612442016602,93.9355926513672,0.820305645465851,3.73699998855591,14.2681322097778,15.2321033477783,7.7416672706604,90,0.000608397589530796,1.963623046875,0,0,0,0
"174",227,300,13.9857501983643,13.74853515625,97.7452239990234,99.2634963989258,0.820408999919891,3.73747062683105,14.3789100646973,15.1825037002563,7.7416672706604,90,8.90254020690918,2.23300170898438,0,0,0,0
"175",227,360,14.8840684890747,14.0904541015625,94.2982864379883,99.2634963989258,0.818365693092346,3.72816205024719,16.1981792449951,16.1847667694092,7.7416672706604,80.3220977783203,80.7728805541992,2.68734741210938,0,0,0,0
"176",227,420,17.69065284729,15.5907592773438,79.7042922973633,91.0885925292969,0.816322326660156,3.71885323524475,21.164529800415,19.1625537872314,7.7416672706604,69.4297943115234,221.078018188477,4.15341186523438,0,0,0,0
"177",227,480,21.267765045166,17.8709106445312,66.7813034057617,82.4781723022461,0.814278900623322,3.70954418182373,26.8819599151611,23.9450550079346,7.7416672706604,58.5259552001953,367.868133544922,6.56484985351562,0,0,0,0
"178",227,540,25.3738403320312,20.5795288085938,55.2585525512695,73.8677520751953,0.812235534191132,3.70023536682129,33.2902717590332,29.3243236541748,7.7416672706604,48.0297012329102,494.892669677734,9.46514892578125,0,0,0,0
"179",227,600,29.2936000823975,23.2990112304688,45.8085403442383,65.2573394775391,0.810192167758942,3.69092631340027,39.1826400756836,34.6563949584961,7.7416672706604,38.623851776123,594.216247558594,12.2800598144531,0,0,0,0
"180",227,660,32.4926910400391,25.6101684570312,32.2664794921875,48.0364990234375,0.808148741722107,3.68161773681641,43.8358192443848,39.172966003418,7.7416672706604,31.5711402893066,655.139831542969,13.37890625,0,0,0,0
"181",227,720,34.6483688354492,27.1566162109375,31.335958480835,48.0364990234375,0.804062008857727,3.66300010681152,46.972240447998,42.5608673095703,7.7416672706604,28.8227291107178,677.308654785156,15.4070129394531,0,0,0,0
"182",227,780,35.4069519042969,27.7000122070312,32.398078918457,50.1709594726562,0.804062008857727,3.66300010681152,48.0848121643066,44.4250411987305,7.7416672706604,31.5711402893066,654.973449707031,16.4000549316406,0,0,0,0
"183",227,840,34.6567306518555,27.1566162109375,34.1049308776855,52.3054161071777,0.804800271987915,3.66636371612549,46.9985847473145,44.4843292236328,7.7416672706604,38.623851776123,595.134521484375,15.9535217285156,0,0,0,0
"184",227,900,32.6263580322266,25.610107421875,36.2933349609375,54.4398727416992,0.805538654327393,3.66972732543945,44.1759414672852,42.5420761108398,7.7416672706604,48.0297012329102,496.040954589844,14.1744995117188,0,0,0,0
"185",227,960,29.088508605957,23.2990112304688,40.1865196228027,56.574333190918,0.80627703666687,3.67309093475342,38.6219711303711,39.0315322875977,7.7416672706604,58.5259552001953,369.007385253906,11.3776245117188,0,0,0,0
"186",227,1020,24.9405708312988,20.5795288085938,45.066089630127,58.7087936401367,0.807015478610992,3.67645454406738,32.1242713928223,34.0366744995117,7.7416672706604,69.4297943115234,221.934722900391,8.0341796875,0,0,0,0
"187",227,1080,20.6611003875732,17.8709106445312,51.1359748840332,60.8432502746582,0.80775374174118,3.67981791496277,25.2587966918945,28.3306312561035,7.7416672706604,80.3220977783203,81.1488800048828,4.697509765625,0,0,0,0
"188",227,1140,17.8808898925781,16.1852722167969,56.5602111816406,62.9777069091797,0.808492124080658,3.68318200111389,20.6758937835693,23.462703704834,7.7416672706604,90,8.941237449646,2.69537353515625,0,0,0,0
"189",227,1200,16.5192470550537,15.5428161621094,61.174732208252,65.1121673583984,0.809230446815491,3.68654561042786,18.1293125152588,20.6510601043701,7.7416672706604,90,0.000610478105954826,2.05322265625,0,0,0,0
"190",227,1260,15.7736711502075,15.0600280761719,64.2356491088867,67.2466278076172,0.809968829154968,3.68990921974182,16.9508209228516,19.0487976074219,7.7416672706604,90,0,1.61331176757812,0,0,0,0
"191",227,1320,15.2710981369019,14.6972351074219,66.8635711669922,69.3810882568359,0.810707092285156,3.69327282905579,16.2180004119873,17.968053817749,7.7416672706604,90,0,1.3243408203125,0,0,0,0
"192",227,1380,14.8628635406494,14.424560546875,69.5195846557617,71.5155410766602,0.811445474624634,3.69663643836975,15.5863342285156,17.1978359222412,7.7416672706604,90,0,1.14764404296875,0,0,0,0
"193",258,0,9.82590007781982,9.60366821289062,72.706787109375,73.8000030517578,0.878036558628082,4,10.2037134170532,11.0525999069214,7.7416672706604,90,0,-4.2803955078125,0,0,0,0
"194",258,60,9.5205717086792,9.4403076171875,78.0250015258789,78.4474792480469,0.879997134208679,4.00893115997314,9.65714263916016,10.7343673706055,7.7416672706604,90,0,-4.16830444335938,0,0,0,0
"195",258,120,9.36767959594727,9.31488037109375,82.8001174926758,83.0949478149414,0.881957530975342,4.01786231994629,9.45759391784668,10.4437227249146,7.7416672706604,90,0,-4.02566528320312,0,0,0,0
"196",258,180,9.11597156524658,9.21856689453125,88.3517227172852,87.7424240112305,0.883918046951294,4.02679347991943,8.94111251831055,10.2847089767456,7.7416672706604,90,0,-3.86175537109375,0,0,0,0
"197",258,240,9.16035270690918,9.14462280273438,92.2919006347656,92.389892578125,0.88681697845459,4.03999996185303,9.18719577789307,10.0288372039795,7.7416672706604,90,0,-3.68350219726562,0,0,0,0
"198",258,300,9.09643363952637,9.08782958984375,99.2043914794922,99.2620010375977,0.887934565544128,4.04509162902832,9.11112403869629,9.88810920715332,7.7416672706604,90,0.00436267955228686,-3.375732421875,0,0,0,0
"199",258,360,9.22455406188965,9.07000732421875,98.2325134277344,99.2620010375977,0.885599792003632,4.03445529937744,9.48814582824707,9.87010478973389,7.7416672706604,87.7883911132812,11.2103157043457,-3.39178466796875,0,0,0,0
"200",258,420,11.1049919128418,10.3053588867188,89.5534362792969,94.4537506103516,0.88326507806778,4.0238184928894,12.4674730300903,11.6979084014893,7.7416672706604,76.8588180541992,119.455078125,-2.07522583007812,0,0,0,0
"201",258,480,14.4491186141968,12.537109375,75.2453918457031,85.230598449707,0.880930244922638,4.01318216323853,17.7037239074707,15.478404045105,7.7416672706604,66.2185897827148,251.091125488281,0.240570068359375,0,0,0,0
"202",258,540,18.4796714782715,15.3814086914062,62.4451446533203,76.0074462890625,0.878595292568207,4.00254535675049,23.7482509613037,20.314847946167,7.7416672706604,56.3378410339355,373.615234375,3.27072143554688,0,0,0,0
"203",258,600,22.5664024353027,18.3493041992188,51.4787559509277,66.7843017578125,0.876260578632355,3.99190926551819,29.7303886413574,25.4900970458984,7.7416672706604,47.9177398681641,479.167358398438,6.36624145507812,0,0,0,0
"204",258,660,25.9439353942871,20.930419921875,35.7217445373535,48.3379974365234,0.873925685882568,3.98127269744873,34.4523468017578,30.0514984130859,7.7416672706604,42.0076217651367,541.238708496094,7.87069702148438,0,0,0,0
"205",258,720,28.3249130249023,22.6809692382812,34.5718612670898,48.3379974365234,0.869256198406219,3.96000003814697,37.883975982666,33.4297676086426,7.7416672706604,39.8337173461914,563.052612304688,10.1005249023438,0,0,0,0
"206",258,780,29.0470218658447,23.2999877929688,35.9314002990723,50.459831237793,0.869256198406219,3.96000003814697,38.780689239502,35.3429145812988,7.7416672706604,42.0076217651367,541.070251464844,11.1324768066406,0,0,0,0
"207",258,840,28.2318592071533,22.6809692382812,37.8110237121582,52.5816650390625,0.870054423809052,3.96363639831543,37.6365547180176,35.3335342407227,7.7416672706604,47.9177398681641,480.168121337891,10.5742492675781,0,0,0,0
"208",258,900,25.8803462982178,20.930419921875,40.5783348083496,54.703498840332,0.870852708816528,3.96727275848389,34.2697410583496,33.244026184082,7.7416672706604,56.3378410339355,374.787384033203,8.5592041015625,0,0,0,0
"209",258,960,22.2053337097168,18.3493041992188,44.7745666503906,56.8253326416016,0.871650874614716,3.97090911865234,28.7429847717285,29.5428600311279,7.7416672706604,66.2185897827148,252.142837524414,5.4739990234375,0,0,0,0
"210",258,1020,17.899866104126,15.3814086914062,50.2253608703613,58.9471664428711,0.872449040412903,3.9745454788208,22.1712131500244,24.6866512298584,7.7416672706604,76.8588180541992,120.081398010254,1.88925170898438,0,0,0,0
"211",258,1080,13.9548797607422,12.5370483398438,55.6692199707031,61.0690002441406,0.87324732542038,3.97818207740784,16.360372543335,19.4276657104492,7.7416672706604,87.7883911132812,11.2809400558472,-1.54220581054688,0,0,0,0
"212",258,1140,12.3053970336914,11.5360717773438,60.0631904602051,63.1908340454102,0.874045491218567,3.98181796073914,13.6110811233521,16.0253829956055,7.7416672706604,90,0.00438588811084628,-2.6348876953125,0,0,0,0
"213",258,1200,11.4307498931885,10.9241333007812,63.1528396606445,65.3126678466797,0.874843657016754,3.98545432090759,12.290867805481,14.2598161697388,7.7416672706604,90,0,-3.23959350585938,0,0,0,0
"214",258,1260,10.8109817504883,10.4542541503906,65.8498077392578,67.4345016479492,0.875641942024231,3.98909091949463,11.4168310165405,13.1261777877808,7.7416672706604,90,0,-3.66973876953125,0,0,0,0
"215",258,1320,10.3610610961914,10.0934448242188,68.3225173950195,69.5563354492188,0.876440167427063,3.99272727966309,10.8157234191895,12.2959766387939,7.7416672706604,90,0,-3.96670532226562,0,0,0,0
"216",258,1380,10.1094913482666,9.81640625,70.2839660644531,71.6781692504883,0.87723833322525,3.99636363983154,10.6075916290283,11.6168527603149,7.7416672706604,90,0,-4.16213989257812,0,0,0,0
"217",288,0,3.77481436729431,3.82809448242188,72.7726287841797,72.5,1.00974214076996,4.59999990463257,3.67932653427124,4.57616281509399,7.7416672706604,90,0,-10.827392578125,0,0,0,0
"218",288,60,3.40370535850525,3.65780639648438,78.1285247802734,76.7395553588867,1.01164162158966,4.6086540222168,2.9479832649231,4.37199878692627,7.7416672706604,90,0,-10.781982421875,0,0,0,0
"219",288,120,3.43421053886414,3.52255249023438,81.4859771728516,80.9791107177734,1.01354122161865,4.61730813980103,3.27565979957581,4.0380072593689,7.7416672706604,90,0,-10.70654296875,0,0,0,0
"220",288,180,3.31501984596252,3.41506958007812,85.8233184814453,85.2186660766602,1.01544082164764,4.6259617805481,3.13532853126526,3.84440612792969,7.7416672706604,90,0,-10.6086120605469,0,0,0,0
"221",288,240,3.13350820541382,3.3297119140625,90.7088851928711,89.4582214355469,1.01734054088593,4.63461542129517,2.7808723449707,3.73231887817383,7.7416672706604,90,0,-10.4939880371094,0,0,0,0
"222",288,300,3.14590001106262,3.26193237304688,94.4704513549805,93.6977691650391,1.01983952522278,4.64599990844727,2.93716168403625,3.55747032165527,7.7416672706604,90,0,-10.3672790527344,0,0,0,0
"223",288,360,3.08938765525818,3.20806884765625,100,99.2750015258789,1.02079260349274,4.65034246444702,2.875807762146,3.45581722259521,7.7416672706604,90,0.0728472173213959,-10.1701354980469,0,0,0,0
"224",288,420,3.57100772857666,3.34881591796875,97.7291259765625,99.2750015258789,1.01777160167694,4.6365795135498,3.97041654586792,3.76279258728027,7.7416672706604,84.958854675293,33.6685333251953,-9.98696899414062,0,0,0,0
"225",288,480,5.76444530487061,5.02197265625,86.8494415283203,91.4504776000977,1.01475036144257,4.62281608581543,7.0975980758667,5.9406795501709,7.7416672706604,74.8004302978516,139.506759643555,-8.291748046875,0,0,0,0
"226",288,540,9.28301525115967,7.731201171875,72.0271224975586,80.0191040039062,1.01172935962677,4.60905313491821,12.0662326812744,9.66092205047607,7.7416672706604,65.6778945922852,249.223922729492,-5.5430908203125,0,0,0,0
"227",288,600,13.2601490020752,10.8890380859375,58.6650199890137,68.5877380371094,1.0087081193924,4.59528970718384,17.5079765319824,14.1219749450684,7.7416672706604,58.2157325744629,346.898010253906,-2.3438720703125,0,0,0,0
"228",288,660,16.6073570251465,13.8107299804688,38.1998405456543,45.7249984741211,1.00568687915802,4.58152627944946,21.6117992401123,18.2935810089111,7.7416672706604,53.2071151733398,399.244079589844,-0.639984130859375,0,0,0,0
"229",288,720,19.1947860717773,15.8627319335938,37.0494728088379,45.7249984741211,0.999644696712494,4.55399990081787,25.1437377929688,21.5111961364746,7.7416672706604,51.4240913391113,425.175659179688,1.88751220703125,0,0,0,0
"230",288,780,20.037446975708,16.5999755859375,38.6509590148926,47.9562492370605,0.999644696712494,4.55399990081787,26.1746082305908,23.2904415130615,7.7416672706604,53.2071151733398,399.095428466797,3.02548217773438,0,0,0,0
"231",288,840,19.1852931976318,15.8627319335938,40.689323425293,50.1875,1.00056254863739,4.55818176269531,25.11936378479,23.284029006958,7.7416672706604,58.2157325744629,347.967193603516,2.33248901367188,0,0,0,0
"232",288,900,16.5125102996826,13.8107299804688,44.0570182800293,52.4187469482422,1.00148057937622,4.56236362457275,21.3395481109619,21.347448348999,7.7416672706604,65.6778945922852,250.378265380859,0.003448486328125,0,0,0,0
"233",288,960,12.9217367172241,10.8890380859375,47.7894973754883,54.6499977111816,1.00239849090576,4.5665454864502,16.5546455383301,17.6780109405518,7.7416672706604,74.8004302978516,140.369979858398,-3.40771484375,0,0,0,0
"234",288,1020,8.88109874725342,7.731201171875,52.6081390380859,56.8812484741211,1.0033164024353,4.57072734832764,10.9369487762451,13.2026195526123,7.7416672706604,84.958854675293,33.9294471740723,-7.11404418945312,0,0,0,0
"235",288,1080,6.72492265701294,6.29595947265625,57.3909683227539,59.1124992370605,1.00423443317413,4.57490921020508,7.49211263656616,9.83053112030029,7.7416672706604,90,0.073339506983757,-8.70562744140625,0,0,0,0
"236",288,1140,5.8742151260376,5.6181640625,60.2644996643066,61.34375,1.00515246391296,4.57909059524536,6.33231496810913,7.94238758087158,7.7416672706604,90,0,-9.37271118164062,0,0,0,0
"237",288,1200,5.22482490539551,5.07977294921875,62.9357261657715,63.5749969482422,1.00607025623322,4.58327293395996,5.48442649841309,6.85316133499146,7.7416672706604,90,0,-9.87478637695312,0,0,0,0
"238",288,1260,4.7038049697876,4.652099609375,65.5688323974609,65.8062515258789,1.00698816776276,4.58745431900024,4.79637289047241,6.07988786697388,7.7416672706604,90,0,-10.2465515136719,0,0,0,0
"239",288,1320,4.3361644744873,4.31234741210938,67.9239654541016,68.0374984741211,1.00790619850159,4.59163618087769,4.37881898880005,5.46746730804443,7.7416672706604,90,0,-10.5155029296875,0,0,0,0
"240",288,1380,4.02776288986206,4.04248046875,70.3414764404297,70.2687530517578,1.00882411003113,4.59581804275513,4.00139427185059,4.99474382400513,7.7416672706604,90,0,-10.7033386230469,0,0,0,0
"241",319,0,-2.49756550788879,-2.3560791015625,76.5527725219727,75.6500015258789,1.07559478282928,4.90000009536743,-2.75730085372925,-1.44585621356964,7.7416672706604,90,0,-16.0563659667969,0,0,0,0
"242",319,60,-2.57346725463867,-2.51235961914062,79.3673400878906,78.9615859985352,1.07735121250153,4.90800046920776,-2.68571615219116,-1.98748254776001,7.7416672706604,90,0,-16.0997009277344,0,0,0,0
"243",319,120,-2.74076700210571,-2.63970947265625,82.9745330810547,82.2731628417969,1.0791072845459,4.91600131988525,-2.9265148639679,-2.33549785614014,7.7416672706604,90,0,-16.1141357421875,0,0,0,0
"244",319,180,-2.94870066642761,-2.74346923828125,87.0749588012695,85.5847473144531,1.08086347579956,4.92400217056274,-3.32615923881531,-2.47810864448547,7.7416672706604,90,0,-16.1056213378906,0,0,0,0
"245",319,240,-2.94569325447083,-2.8280029296875,89.7807464599609,88.8963317871094,1.08261966705322,4.93200206756592,-3.16228151321411,-2.63574814796448,7.7416672706604,90,0,-16.0789489746094,0,0,0,0
"246",319,300,-3.01280283927917,-2.89691162109375,93.112060546875,92.2079086303711,1.08437585830688,4.94000291824341,-3.22621250152588,-2.70783591270447,7.7416672706604,90,0,-16.0379638671875,0,0,0,0
"247",319,360,-3.00151109695435,-2.95303344726562,95.9102249145508,95.5194931030273,1.08635079860687,4.94899988174438,-3.09084248542786,-2.79103422164917,7.7416672706604,90,8.92635143827647e-05,-15.98583984375,0,0,0,0
"248",319,420,-3.0906343460083,-2.998779296875,100,99.2434997558594,1.0868067741394,4.95107698440552,-3.25992679595947,-2.76945686340332,7.7416672706604,90,2.18863534927368,-15.9109802246094,0,0,0,0
"249",319,480,-2.41728281974792,-2.60833740234375,97.6654968261719,99.2434997558594,1.08314538002014,4.93439769744873,-2.06561589241028,-2.10469627380371,7.7416672706604,82.4682083129883,47.867431640625,-15.4393615722656,0,0,0,0
"250",319,540,0.00971776247024536,-0.65869140625,83.827033996582,88.5840301513672,1.07948410511017,4.91771793365479,1.23844718933105,0.0491737574338913,7.7416672706604,74.0597686767578,132.86393737793,-13.5054931640625,0,0,0,0
"251",319,600,3.25824880599976,2.11688232421875,70.4543914794922,76.4081878662109,1.07582271099091,4.901038646698,5.35369539260864,3.23430275917053,7.7416672706604,67.3692626953125,204.567718505859,-10.7579345703125,0,0,0,0
"252",319,660,6.42700386047363,4.943603515625,46.966438293457,52.0564994812012,1.07216143608093,4.88435888290405,9.14686012268066,6.52419471740723,7.7416672706604,62.9969673156738,254.979553222656,-8.779052734375,0,0,0,0
"253",319,720,8.79884338378906,7.03231811523438,46.1537094116211,52.0564994812012,1.06483888626099,4.85099983215332,12.029372215271,9.20553016662598,7.7416672706604,61.4675483703613,276.780303955078,-6.35626220703125,0,0,0,0
"254",319,780,9.58790683746338,7.79998779296875,47.8633842468262,54.0226249694824,1.06483888626099,4.85099983215332,12.8575572967529,10.5313596725464,7.7416672706604,62.9969673156738,254.843948364258,-5.33627319335938,0,0,0,0
"255",319,840,8.64935684204102,7.03231811523438,50.1449584960938,55.9887504577637,1.06581676006317,4.85545444488525,11.6075458526611,10.1440382003784,7.7416672706604,67.3692626953125,205.704849243164,-6.10549926757812,0,0,0,0
"256",319,900,6.09608888626099,4.943603515625,53.4964141845703,57.9548759460449,1.06679451465607,4.85990905761719,8.20516872406006,8.17545413970947,7.7416672706604,74.0597686767578,133.975448608398,-8.414794921875,0,0,0,0
"257",319,960,2.8057656288147,2.11688232421875,57.0526580810547,59.9210014343262,1.06777226924896,4.86436367034912,4.06688022613525,4.85665464401245,7.7416672706604,82.4682083129883,48.4031372070312,-11.5815124511719,0,0,0,0
"258",319,1020,0.504410088062286,0.338958740234375,61.1500816345215,61.8871231079102,1.06875002384186,4.8688178062439,0.807401657104492,1.83227777481079,7.7416672706604,90,2.21103072166443,-13.532958984375,0,0,0,0
"259",319,1080,-0.379313290119171,-0.31640625,64.1856155395508,63.8532485961914,1.06972789764404,4.87327289581299,-0.494555324316025,0.149313941597939,7.7416672706604,90,9.00847298908047e-05,-14.1974182128906,0,0,0,0
"260",319,1140,-0.981399893760681,-0.850372314453125,66.5383224487305,65.8193740844727,1.07070577144623,4.87772703170776,-1.22151827812195,-0.676171183586121,7.7416672706604,90,0,-14.7305603027344,0,0,0,0
"261",319,1200,-1.43496382236481,-1.28549194335938,68.6337432861328,67.7854995727539,1.07168364524841,4.88218212127686,-1.70897805690765,-1.2019944190979,7.7416672706604,90,0,-15.1494140625,0,0,0,0
"262",319,1260,-1.69408321380615,-1.64004516601562,70.0666122436523,69.7516250610352,1.07266139984131,4.88663625717163,-1.79318118095398,-1.62356412410736,7.7416672706604,90,0,-15.4754638671875,0,0,0,0
"263",319,1320,-2.0795533657074,-1.92892456054688,72.6263198852539,71.7177505493164,1.0736391544342,4.89109086990356,-2.35588002204895,-1.85079526901245,7.7416672706604,90,0,-15.7262573242188,0,0,0,0
"264",319,1380,-2.31082773208618,-2.164306640625,74.5933685302734,73.6838760375977,1.07461714744568,4.8955454826355,-2.57971215248108,-2.06709051132202,7.7416672706604,90,0,-15.916015625,0,0,0,0
"265",349,0,-10.0377025604248,-9.7630615234375,78.2843017578125,76.4000015258789,1.05364394187927,4.80000019073486,-10.5379333496094,-9.70688915252686,7.7416672706604,90,0,-24.9846954345703,0,0,0,0
"266",349,60,-10.1092071533203,-9.91390991210938,80.8988647460938,79.5079956054688,1.05530405044556,4.80756235122681,-10.4651355743408,-9.95941352844238,7.7416672706604,90,0,-25.0336456298828,0,0,0,0
"267",349,120,-10.239670753479,-10.0375671386719,84.1133422851562,82.6159973144531,1.05696392059326,4.81512451171875,-10.6082248687744,-10.1316442489624,7.7416672706604,90,0,-25.0550689697266,0,0,0,0
"268",349,180,-10.4533090591431,-10.1389465332031,88.1558837890625,85.7239990234375,1.05862379074097,4.82268667221069,-11.0269184112549,-10.2212438583374,7.7416672706604,90,0,-25.0543823242188,0,0,0,0
"269",349,240,-10.4346370697021,-10.2220458984375,90.5287094116211,88.8319931030273,1.06028378009796,4.83024835586548,-10.8227767944336,-10.3962564468384,7.7416672706604,90,0,-25.0359954833984,0,0,0,0
"270",349,300,-10.5066776275635,-10.2901611328125,93.7300262451172,91.9399871826172,1.06194365024567,4.83781051635742,-10.9022197723389,-10.4976797103882,7.7416672706604,90,0,-25.0034942626953,0,0,0,0
"271",349,360,-10.4629917144775,-10.3460083007812,96.0435485839844,95.0479888916016,1.0641804933548,4.84800052642822,-10.6768741607666,-10.6351175308228,7.7416672706604,90,4.00640192310675e-06,-24.9598846435547,0,0,0,0
"272",349,420,-10.6124496459961,-10.3917846679688,100,99.2360000610352,1.06547594070435,4.85390186309814,-11.0160827636719,-10.652156829834,7.7416672706604,90,0.0778494104743004,-24.8712005615234,0,0,0,0
"273",349,480,-10.34938621521,-10.2682800292969,99.9551773071289,99.2360000610352,1.06174790859222,4.83691835403442,-10.4975433349609,-10.4039754867554,7.7416672706604,86.2190399169922,22.4315490722656,-24.7019348144531,0,0,0,0
"274",349,540,-8.36187171936035,-8.59600830078125,89.2246170043945,91.0768814086914,1.05801975727081,4.8199348449707,-7.93474292755127,-8.8676700592041,7.7416672706604,78.1739959716797,89.9538497924805,-23.0312194824219,0,0,0,0
"275",349,600,-5.43496084213257,-5.99172973632812,74.9013748168945,78.5725860595703,1.05429172515869,4.80295133590698,-4.42062139511108,-6.02185583114624,7.7416672706604,71.8444976806641,160.91389465332,-20.4353790283203,0,0,0,0
"276",349,660,-2.25550699234009,-3.23941040039062,49.3125877380371,53.5639991760254,1.05056369304657,4.7859673500061,-0.465415239334106,-2.93882346153259,7.7416672706604,67.7502670288086,208.696731567383,-18.4363250732422,0,0,0,0
"277",349,720,0.0167216360569,-1.16763305664062,48.5686225891113,53.5639991760254,1.04310750961304,4.75200033187866,2.16568040847778,-0.317414313554764,7.7416672706604,66.3272171020508,221.757171630859,-15.9840087890625,0,0,0,0
"278",349,780,0.937211513519287,-0.399993896484375,50.1412734985352,55.4669990539551,1.04310750961304,4.75200033187866,3.36351132392883,1.16835343837738,7.7416672706604,67.7502670288086,208.588668823242,-14.9566040039062,0,0,0,0
"279",349,840,0.0270658433437347,-1.16763305664062,51.980598449707,57.3699989318848,1.04406535625458,4.75636386871338,2.19555044174194,1.12128961086273,7.7416672706604,71.8444976806641,161.848342895508,-15.755859375,0,0,0,0
"280",349,900,-2.36621904373169,-3.23941040039062,55.076904296875,59.2729988098145,1.04502320289612,4.7607274055481,-0.780746698379517,-0.611895382404327,7.7416672706604,78.1739959716797,90.7400970458984,-18.1050567626953,0,0,0,0
"281",349,960,-5.52091073989868,-5.99172973632812,58.7492942810059,61.1759986877441,1.04598116874695,4.76509094238281,-4.66573667526245,-3.45091557502747,7.7416672706604,86.2190399169922,22.693868637085,-21.2555847167969,0,0,0,0
"282",349,1020,-7.12742328643799,-7.23577880859375,62.4877853393555,63.0790023803711,1.0469388961792,4.76945495605469,-6.93054342269897,-5.76096296310425,7.7416672706604,90,0.0786243677139282,-22.6235656738281,0,0,0,0
"283",349,1080,-7.98420715332031,-7.84213256835938,65.7939071655273,64.9820022583008,1.04789686203003,4.7738184928894,-8.24244499206543,-6.9712347984314,7.7416672706604,90,4.0411832742393e-06,-23.2424774169922,0,0,0,0
"284",349,1140,-8.42695331573486,-8.33920288085938,67.4016799926758,66.8850021362305,1.04885470867157,4.77818250656128,-8.58650398254395,-7.79190492630005,7.7416672706604,90,0,-23.7352905273438,0,0,0,0
"285",349,1200,-8.87103462219238,-8.7467041015625,69.5446319580078,68.7880020141602,1.04981255531311,4.782546043396,-9.09717559814453,-8.36159992218018,7.7416672706604,90,0,-24.1251525878906,0,0,0,0
"286",349,1260,-9.21866989135742,-9.08071899414062,71.5564575195312,70.6910018920898,1.05077040195465,4.78690958023071,-9.46967315673828,-8.81856822967529,7.7416672706604,90,0,-24.4308929443359,0,0,0,0
"287",349,1320,-9.42622375488281,-9.35455322265625,73.0553436279297,72.5940017700195,1.05172836780548,4.79127311706543,-9.55667495727539,-9.22850131988525,7.7416672706604,90,0,-24.6680297851562,0,0,0,0
"288",349,1380,-9.75032615661621,-9.57904052734375,75.6358337402344,74.4970016479492,1.05268609523773,4.79563665390015,-10.0621995925903,-9.48728275299072,7.7416672706604,90,0,-24.8491973876953,0,0,0,0
