  JULDAY,    TIME,   TALOC,   TAREF,   RHLOC,      RH,    VLOC,    VREF,      TS,      T2,   TDEEP,     ZEN,    SOLR,   TSKYC,     DEW,   FROST,SNOWFALL, SNOWDEP
 15.,   0.00,-13.84,-13.42, 78.05, 75.10,  1.076,  4.900,-14.61,-13.51,  7.74 , 90.00,   0.00, -31.73,0.,0.,   0.00,   0.00
 15.,  60.00,-13.95,-13.58, 81.12, 78.43,  1.077,  4.908,-14.62,-13.71,  7.74 , 90.00,   0.00, -31.76,0.,0.,   0.00,   0.00
 15., 120.00,-14.02,-13.71, 84.09, 81.76,  1.079,  4.916,-14.58,-13.88,  7.74 , 90.00,   0.00, -31.77,0.,0.,   0.00,   0.00
 15., 180.00,-14.18,-13.82, 87.98, 85.09,  1.081,  4.924,-14.85,-13.99,  7.74 , 90.00,   0.00, -31.75,0.,0.,   0.00,   0.00
 15., 240.00,-14.26,-13.90, 91.33, 88.42,  1.082,  4.931,-14.91,-14.11,  7.74 , 90.00,   0.00, -31.71,0.,0.,   0.00,   0.00
 15., 300.00,-14.34,-13.98, 94.84, 91.75,  1.084,  4.939,-15.00,-14.19,  7.74 , 90.00,   0.00, -31.65,0.,0.,   0.00,   0.00
 15., 360.00,-14.29,-14.04, 97.32, 95.08,  1.086,  4.949,-14.76,-14.30,  7.74 , 90.00,   0.00, -31.59,0.,0.,   0.00,   0.00
 15., 420.00,-14.44,-14.08,100.00, 99.25,  1.087,  4.953,-15.08,-14.33,  7.74 , 90.00,   0.35, -31.48,0.,0.,   0.00,   0.00
 15., 480.00,-13.88,-13.84, 99.56, 99.25,  1.084,  4.936,-13.94,-13.81,  7.74 , 84.65,  34.54, -31.17,0.,0.,   0.00,   0.00
 15., 540.00,-11.34,-11.95, 84.78, 89.61,  1.080,  4.919,-10.21,-11.59,  7.74 , 76.45, 116.52, -29.25,0.,0.,   0.00,   0.00
 15., 600.00, -7.79, -9.13, 68.17, 76.72,  1.076,  4.902, -5.31, -8.21,  7.74 , 69.97, 195.11, -26.37,0.,0.,   0.00,   0.00
 15., 660.00, -4.44, -6.20, 43.84, 50.95,  1.072,  4.885, -1.23, -4.83,  7.74 , 65.76, 244.91, -24.35,0.,0.,   0.00,   0.00
 15., 720.00, -2.06, -4.01, 43.24, 50.95,  1.065,  4.851,  1.50, -2.21,  7.74 , 64.30, 263.18, -21.66,0.,0.,   0.00,   0.00
 15., 780.00, -1.29, -3.20, 45.14, 52.96,  1.065,  4.851,  2.20, -1.05,  7.74 , 65.76, 244.82, -20.50,0.,0.,   0.00,   0.00
 15., 840.00, -2.47, -4.01, 48.28, 54.98,  1.066,  4.855,  0.35, -1.64,  7.74 , 69.97, 195.95, -21.36,0.,0.,   0.00,   0.00
 15., 900.00, -5.31, -6.20, 52.82, 56.99,  1.067,  4.860, -3.70, -4.00,  7.74 , 76.45, 117.27, -23.92,0.,0.,   0.00,   0.00
 15., 960.00, -9.02, -9.13, 58.42, 59.00,  1.068,  4.864, -8.82, -7.44,  7.74 , 84.65,  34.83, -27.39,0.,0.,   0.00,   0.00
 15.,1020.00,-10.96,-10.68, 62.57, 61.01,  1.069,  4.869,-11.48,-10.03,  7.74 , 90.00,   0.35, -29.16,0.,0.,   0.00,   0.00
 15.,1080.00,-11.64,-11.34, 64.75, 63.03,  1.070,  4.873,-12.19,-11.21,  7.74 , 90.00,   0.00, -29.85,0.,0.,   0.00,   0.00
 15.,1140.00,-12.24,-11.88, 67.21, 65.04,  1.071,  4.878,-12.91,-11.82,  7.74 , 90.00,   0.00, -30.39,0.,0.,   0.00,   0.00
 15.,1200.00,-12.73,-12.32, 69.59, 67.05,  1.072,  4.882,-13.48,-12.29,  7.74 , 90.00,   0.00, -30.82,0.,0.,   0.00,   0.00
 15.,1260.00,-13.05,-12.68, 71.40, 69.06,  1.073,  4.887,-13.72,-12.69,  7.74 , 90.00,   0.00, -31.15,0.,0.,   0.00,   0.00
 15.,1320.00,-13.30,-12.98, 73.21, 71.08,  1.074,  4.891,-13.90,-13.02,  7.74 , 90.00,   0.00, -31.40,0.,0.,   0.00,   0.00
 15.,1380.00,-13.59,-13.22, 75.59, 73.09,  1.075,  4.896,-14.26,-13.28,  7.74 , 90.00,   0.00, -31.59,0.,0.,   0.00,   0.00
 46.,   0.00,-11.68,-11.32, 76.67, 74.20,  1.054,  4.800,-12.35,-11.13,  7.74 , 90.00,   0.00, -29.99,0.,0.,   0.00,   0.00
 46.,  60.00,-11.80,-11.48, 80.33, 78.06,  1.056,  4.809,-12.38,-11.35,  7.74 , 90.00,   0.00, -29.98,0.,0.,   0.00,   0.00
 46., 120.00,-11.96,-11.60, 84.64, 81.92,  1.057,  4.817,-12.63,-11.51,  7.74 , 90.00,   0.00, -29.94,0.,0.,   0.00,   0.00
 46., 180.00,-11.82,-11.70, 86.67, 85.78,  1.059,  4.826,-12.03,-11.72,  7.74 , 90.00,   0.00, -29.87,0.,0.,   0.00,   0.00
 46., 240.00,-12.14,-11.78, 92.59, 89.64,  1.061,  4.835,-12.80,-11.77,  7.74 , 90.00,   0.00, -29.79,0.,0.,   0.00,   0.00
 46., 300.00,-12.32,-11.85, 97.59, 93.49,  1.064,  4.848,-13.19,-11.83,  7.74 , 90.00,   0.00, -29.70,0.,0.,   0.00,   0.00
 46., 360.00,-12.25,-11.90,100.00, 99.26,  1.066,  4.855,-12.90,-11.94,  7.74 , 90.00,   0.00, -29.51,0.,0.,   0.00,   0.00
 46., 420.00,-12.26,-11.92,100.00, 99.26,  1.063,  4.841,-12.88,-11.85,  7.74 , 87.87,  10.14, -29.52,0.,0.,   0.00,   0.00
 46., 480.00,-10.09,-10.56, 89.81, 93.62,  1.059,  4.826, -9.24,-10.06,  7.74 , 78.23,  96.85, -28.07,0.,0.,   0.00,   0.00
 46., 540.00, -6.63, -8.15, 72.29, 82.50,  1.056,  4.811, -3.87, -6.53,  7.74 , 69.43, 206.13, -25.57,0.,0.,   0.00,   0.00
 46., 600.00, -2.86, -5.26, 58.24, 71.38,  1.053,  4.796,  1.51, -2.40,  7.74 , 62.32, 298.38, -22.53,0.,0.,   0.00,   0.00
 46., 660.00,  0.44, -2.53, 38.58, 49.14,  1.050,  4.782,  5.83,  1.34,  7.74 , 57.61, 358.31, -20.69,0.,0.,   0.00,   0.00
 46., 720.00,  2.62, -0.60, 38.73, 49.14,  1.043,  4.752,  8.47,  3.91,  7.74 , 55.94, 369.98, -18.26,0.,0.,   0.00,   0.00
 46., 780.00,  3.32,  0.10, 40.67, 51.23,  1.043,  4.752,  9.16,  5.11,  7.74 , 57.61, 358.18, -17.20,0.,0.,   0.00,   0.00
 46., 840.00,  2.14, -0.60, 43.49, 53.32,  1.044,  4.756,  7.12,  4.49,  7.74 , 62.32, 299.30, -17.90,0.,0.,   0.00,   0.00
 46., 900.00, -0.63, -2.53, 47.28, 55.41,  1.045,  4.761,  2.83,  2.01,  7.74 , 69.43, 207.09, -20.18,0.,0.,   0.00,   0.00
 46., 960.00, -4.40, -5.26, 53.43, 57.49,  1.046,  4.765, -2.84, -1.80,  7.74 , 78.23,  97.45, -23.45,0.,0.,   0.00,   0.00
 46.,1020.00, -7.89, -8.15, 58.24, 59.58,  1.047,  4.769, -7.42, -5.97,  7.74 , 87.87,  10.21, -26.93,0.,0.,   0.00,   0.00
 46.,1080.00, -9.39, -9.11, 63.23, 61.67,  1.048,  4.774, -9.90, -8.10,  7.74 , 90.00,   0.00, -27.98,0.,0.,   0.00,   0.00
 46.,1140.00,-10.04, -9.71, 65.70, 63.76,  1.049,  4.778,-10.66, -9.04,  7.74 , 90.00,   0.00, -28.59,0.,0.,   0.00,   0.00
 46.,1200.00,-10.52,-10.19, 67.85, 65.85,  1.050,  4.783,-11.14, -9.65,  7.74 , 90.00,   0.00, -29.06,0.,0.,   0.00,   0.00
 46.,1260.00,-10.92,-10.57, 70.10, 67.94,  1.051,  4.787,-11.56,-10.13,  7.74 , 90.00,   0.00, -29.41,0.,0.,   0.00,   0.00
 46.,1320.00,-11.23,-10.88, 72.26, 70.02,  1.052,  4.791,-11.87,-10.52,  7.74 , 90.00,   0.00, -29.68,0.,0.,   0.00,   0.00
 46.,1380.00,-11.47,-11.12, 74.42, 72.11,  1.053,  4.796,-12.11,-10.84,  7.74 , 90.00,   0.00, -29.86,0.,0.,   0.00,   0.00
 74.,   0.00, -4.81, -4.42, 76.88, 74.35,  1.141,  5.200, -5.55, -4.00,  7.74 , 90.00,   0.00, -21.06,0.,0.,   0.00,   0.00
 74.,  60.00, -4.84, -4.56, 80.31, 78.44,  1.144,  5.210, -5.36, -4.14,  7.74 , 90.00,   0.00, -21.01,0.,0.,   0.00,   0.00
 74., 120.00, -4.67, -4.68, 82.46, 82.53,  1.146,  5.220, -4.65, -4.30,  7.74 , 90.00,   0.00, -20.94,0.,0.,   0.00,   0.00
 74., 180.00, -5.03, -4.77, 88.55, 86.62,  1.148,  5.231, -5.51, -4.29,  7.74 , 90.00,   0.00, -20.85,0.,0.,   0.00,   0.00
 74., 240.00, -5.10, -4.84, 92.79, 90.71,  1.150,  5.241, -5.60, -4.33,  7.74 , 90.00,   0.00, -20.74,0.,0.,   0.00,   0.00
 74., 300.00, -5.13, -4.89, 96.78, 94.80,  1.153,  5.252, -5.59, -4.37,  7.74 , 90.00,   0.00, -20.62,0.,0.,   0.00,   0.00
 74., 360.00, -5.29, -4.94,100.00, 99.26,  1.153,  5.253, -5.94, -4.30,  7.74 , 90.00,   3.86, -20.48,0.,0.,   0.00,   0.00
 74., 420.00, -4.24, -4.60, 96.30, 99.26,  1.150,  5.238, -3.57, -3.31,  7.74 , 80.75,  67.76, -20.04,0.,0.,   0.00,   0.00
 74., 480.00, -1.56, -2.99, 79.83, 90.01,  1.147,  5.223,  1.14, -0.40,  7.74 , 70.32, 189.84, -18.43,0.,0.,   0.00,   0.00
 74., 540.00,  1.94, -0.61, 66.05, 79.87,  1.143,  5.208,  6.72,  3.65,  7.74 , 60.80, 309.24, -15.93,0.,0.,   0.00,   0.00
 74., 600.00,  5.54,  2.07, 54.63, 69.73,  1.140,  5.193, 12.04,  7.68,  7.74 , 52.85, 395.72, -13.20,0.,0.,   0.00,   0.00
 74., 660.00,  8.51,  4.51, 37.53, 49.44,  1.137,  5.178, 16.01, 11.18,  7.74 , 47.41, 459.09, -11.74,0.,0.,   0.00,   0.00
 74., 720.00, 10.50,  6.20, 36.90, 49.44,  1.130,  5.148, 18.57, 13.59,  7.74 , 45.44, 479.95,  -9.67,0.,0.,   0.00,   0.00
 74., 780.00, 10.99,  6.80, 38.82, 51.52,  1.130,  5.148, 18.82, 14.46,  7.74 , 47.41, 458.92,  -8.75,0.,0.,   0.00,   0.00
 74., 840.00,  9.86,  6.20, 41.75, 53.59,  1.131,  5.153, 16.73, 13.55,  7.74 , 52.85, 396.87,  -9.31,0.,0.,   0.00,   0.00
 74., 900.00,  7.41,  4.51, 45.53, 55.67,  1.132,  5.157, 12.85, 11.09,  7.74 , 60.80, 310.58, -11.21,0.,0.,   0.00,   0.00
 74., 960.00,  3.89,  2.07, 50.77, 57.75,  1.133,  5.162,  7.29,  7.26,  7.74 , 70.32, 190.94, -14.03,0.,0.,   0.00,   0.00
 74.,1020.00,  0.01, -0.61, 56.86, 59.82,  1.134,  5.167,  1.16,  2.74,  7.74 , 80.75,  68.25, -17.18,0.,0.,   0.00,   0.00
 74.,1080.00, -2.36, -2.25, 62.46, 61.90,  1.135,  5.172, -2.56, -0.72,  7.74 , 90.00,   3.89, -19.11,0.,0.,   0.00,   0.00
 74.,1140.00, -3.13, -2.85, 65.45, 63.97,  1.136,  5.176, -3.63, -2.25,  7.74 , 90.00,   0.00, -19.73,0.,0.,   0.00,   0.00
 74.,1200.00, -3.43, -3.33, 66.58, 66.05,  1.137,  5.181, -3.61, -2.96,  7.74 , 90.00,   0.00, -20.19,0.,0.,   0.00,   0.00
 74.,1260.00, -4.00, -3.71, 69.83, 68.12,  1.138,  5.186, -4.55, -3.32,  7.74 , 90.00,   0.00, -20.53,0.,0.,   0.00,   0.00
 74.,1320.00, -4.30, -4.00, 72.02, 70.20,  1.139,  5.191, -4.87, -3.61,  7.74 , 90.00,   0.00, -20.78,0.,0.,   0.00,   0.00
 74.,1380.00, -4.52, -4.24, 74.05, 72.27,  1.140,  5.195, -5.06, -3.82,  7.74 , 90.00,   0.00, -20.95,0.,0.,   0.00,   0.00
105.,   0.00,  1.64,  1.82, 71.32, 70.40,  1.163,  5.300,  1.29,  3.08,  7.74 , 90.00,   0.00, -13.58,0.,0.,   0.00,   0.00
105.,  60.00,  1.50,  1.67, 76.84, 75.92,  1.166,  5.313,  1.18,  2.82,  7.74 , 90.00,   0.00, -13.42,0.,0.,   0.00,   0.00
105., 120.00,  1.42,  1.56, 82.21, 81.43,  1.169,  5.325,  1.17,  2.61,  7.74 , 90.00,   0.00, -13.25,0.,0.,   0.00,   0.00
105., 180.00,  1.31,  1.47, 87.98, 86.95,  1.172,  5.338,  0.99,  2.46,  7.74 , 90.00,   0.00, -13.06,0.,0.,   0.00,   0.00
105., 240.00,  1.18,  1.40, 93.99, 92.47,  1.175,  5.353,  0.75,  2.35,  7.74 , 90.00,   0.00, -12.86,0.,0.,   0.00,   0.00
105., 300.00,  1.20,  1.36,100.00, 99.30,  1.176,  5.356,  0.91,  2.24,  7.74 , 90.00,   0.32, -12.59,0.,0.,   0.00,   0.00
105., 360.00,  1.77,  1.52, 97.50, 99.30,  1.173,  5.343,  2.25,  2.80,  7.74 , 83.50,  43.37, -12.39,0.,0.,   0.00,   0.00
105., 420.00,  4.04,  2.83, 84.18, 91.65,  1.170,  5.329,  6.32,  5.26,  7.74 , 72.56, 160.30, -11.12,0.,0.,   0.00,   0.00
105., 480.00,  7.41,  4.97, 68.97, 81.62,  1.167,  5.315, 12.02,  9.19,  7.74 , 61.74, 294.25,  -9.00,0.,0.,   0.00,   0.00
105., 540.00, 11.13,  7.58, 56.35, 71.59,  1.164,  5.302, 17.86, 13.64,  7.74 , 51.49, 411.68,  -6.36,0.,0.,   0.00,   0.00
105., 600.00, 14.77, 10.24, 45.71, 61.56,  1.161,  5.288, 23.34, 17.89,  7.74 , 42.51, 502.64,  -3.77,0.,0.,   0.00,   0.00
105., 660.00, 17.58, 12.52, 29.98, 41.50,  1.158,  5.274, 27.12, 21.46,  7.74 , 35.99, 563.95,  -2.80,0.,0.,   0.00,   0.00
105., 720.00, 19.44, 14.06, 29.48, 41.50,  1.152,  5.247, 29.58, 23.94,  7.74 , 33.53, 584.64,  -0.91,0.,0.,   0.00,   0.00
105., 780.00, 19.89, 14.60, 31.41, 43.91,  1.152,  5.247, 29.87, 24.98,  7.74 , 35.99, 563.74,   0.03,0.,0.,   0.00,   0.00
105., 840.00, 18.88, 14.06, 34.07, 46.32,  1.153,  5.252, 27.97, 24.36,  7.74 , 42.51, 503.79,  -0.39,0.,0.,   0.00,   0.00
105., 900.00, 16.57, 12.52, 37.52, 48.73,  1.154,  5.257, 24.20, 22.18,  7.74 , 51.49, 413.10,  -2.05,0.,0.,   0.00,   0.00
105., 960.00, 13.23, 10.24, 41.95, 51.14,  1.155,  5.261, 18.89, 18.65,  7.74 , 61.74, 295.61,  -4.64,0.,0.,   0.00,   0.00
105.,1020.00,  9.29,  7.58, 47.67, 53.54,  1.156,  5.266, 12.52, 14.17,  7.74 , 72.56, 161.22,  -7.71,0.,0.,   0.00,   0.00
105.,1080.00,  5.55,  4.97, 53.72, 55.95,  1.157,  5.271,  6.66,  9.55,  7.74 , 83.50,  43.67, -10.72,0.,0.,   0.00,   0.00
105.,1140.00,  3.65,  3.65, 58.34, 58.36,  1.158,  5.276,  3.66,  6.52,  7.74 , 90.00,   0.32, -12.16,0.,0.,   0.00,   0.00
105.,1200.00,  2.97,  3.06, 61.14, 60.77,  1.159,  5.281,  2.81,  5.17,  7.74 , 90.00,   0.00, -12.70,0.,0.,   0.00,   0.00
105.,1260.00,  2.49,  2.61, 63.71, 63.18,  1.160,  5.286,  2.27,  4.45,  7.74 , 90.00,   0.00, -13.08,0.,0.,   0.00,   0.00
105.,1320.00,  2.21,  2.27, 65.86, 65.58,  1.161,  5.290,  2.10,  3.89,  7.74 , 90.00,   0.00, -13.33,0.,0.,   0.00,   0.00
105.,1380.00,  1.86,  2.01, 68.72, 67.99,  1.162,  5.295,  1.58,  3.50,  7.74 , 90.00,   0.00, -13.49,0.,0.,   0.00,   0.00
135.,   0.00,  7.34,  7.45, 70.53, 70.00,  1.010,  4.600,  7.14,  9.32,  7.74 , 90.00,   0.00,  -7.52,0.,0.,   0.00,   0.00
135.,  60.00,  7.18,  7.30, 77.21, 76.57,  1.013,  4.613,  6.96,  9.03,  7.74 , 90.00,   0.00,  -7.24,0.,0.,   0.00,   0.00
135., 120.00,  7.08,  7.19, 83.74, 83.14,  1.016,  4.627,  6.89,  8.80,  7.74 , 90.00,   0.00,  -6.94,0.,0.,   0.00,   0.00
135., 180.00,  6.99,  7.11, 90.42, 89.70,  1.020,  4.646,  6.79,  8.63,  7.74 , 90.00,   0.00,  -6.64,0.,0.,   0.00,   0.00
135., 240.00,  6.96,  7.05, 99.90, 99.30,  1.021,  4.651,  6.81,  8.50,  7.74 , 90.00,   0.02,  -6.17,0.,0.,   0.00,   0.00
135., 300.00,  7.08,  7.04, 99.06, 99.30,  1.019,  4.640,  7.14,  8.54,  7.74 , 87.70,  10.98,  -6.18,0.,0.,   0.00,   0.00
135., 360.00,  8.94,  8.02, 88.79, 94.47,  1.016,  4.629, 10.58, 10.40,  7.74 , 77.34, 109.64,  -5.18,0.,0.,   0.00,   0.00
135., 420.00, 12.05,  9.82, 73.72, 85.51,  1.014,  4.619, 16.05, 14.06,  7.74 , 66.53, 240.89,  -3.40,0.,0.,   0.00,   0.00
135., 480.00, 15.85, 12.19, 60.36, 76.55,  1.011,  4.608, 22.41, 18.67,  7.74 , 55.59, 375.32,  -0.95,0.,0.,   0.00,   0.00
135., 540.00, 19.77, 14.81, 49.39, 67.59,  1.009,  4.597, 28.65, 23.63,  7.74 , 44.90, 499.57,   1.74,0.,0.,   0.00,   0.00
135., 600.00, 23.46, 17.34, 40.19, 58.62,  1.007,  4.586, 34.40, 28.22,  7.74 , 35.08, 595.44,   4.20,0.,0.,   0.00,   0.00
135., 660.00, 26.23, 19.44, 26.97, 40.70,  1.004,  4.576, 38.37, 31.86,  7.74 , 27.45, 655.63,   4.84,0.,0.,   0.00,   0.00
135., 720.00, 27.97, 20.82, 26.53, 40.70,  1.000,  4.554, 40.73, 34.35,  7.74 , 24.36, 676.53,   6.60,0.,0.,   0.00,   0.00
135., 780.00, 28.39, 21.30, 28.26, 43.14,  1.000,  4.554, 41.04, 35.38,  7.74 , 27.45, 655.44,   7.55,0.,0.,   0.00,   0.00
135., 840.00, 27.39, 20.82, 30.72, 45.58,  1.001,  4.558, 39.13, 34.78,  7.74 , 35.08, 596.38,   7.24,0.,0.,   0.00,   0.00
135., 900.00, 25.10, 19.44, 34.03, 48.03,  1.001,  4.562, 35.21, 32.53,  7.74 , 44.90, 500.75,   5.77,0.,0.,   0.00,   0.00
135., 960.00, 21.72, 17.34, 38.44, 50.47,  1.002,  4.567, 29.54, 28.85,  7.74 , 55.59, 376.50,   3.37,0.,0.,   0.00,   0.00
135.,1020.00, 17.80, 14.81, 43.73, 52.91,  1.003,  4.571, 23.14, 24.19,  7.74 , 66.53, 241.84,   0.39,0.,0.,   0.00,   0.00
135.,1080.00, 13.69, 12.19, 50.17, 55.35,  1.004,  4.575, 16.37, 19.17,  7.74 , 77.34, 110.16,  -2.71,0.,0.,   0.00,   0.00
135.,1140.00, 10.22,  9.82, 56.28, 57.79,  1.005,  4.579, 10.93, 14.57,  7.74 , 87.70,  11.04,  -5.50,0.,0.,   0.00,   0.00
135.,1200.00,  8.93,  8.89, 60.06, 60.23,  1.006,  4.583,  9.01, 12.15,  7.74 , 90.00,   0.02,  -6.47,0.,0.,   0.00,   0.00
135.,1260.00,  8.27,  8.34, 63.01, 62.68,  1.007,  4.587,  8.12, 11.09,  7.74 , 90.00,   0.00,  -6.96,0.,0.,   0.00,   0.00
135.,1320.00,  7.89,  7.95, 65.36, 65.12,  1.008,  4.592,  7.79, 10.38,  7.74 , 90.00,   0.00,  -7.26,0.,0.,   0.00,   0.00
135.,1380.00,  7.51,  7.66, 68.24, 67.56,  1.009,  4.596,  7.25,  9.87,  7.74 , 90.00,   0.00,  -7.44,0.,0.,   0.00,   0.00
166.,   0.00, 12.78, 12.81, 71.20, 71.05,  0.944,  4.300, 12.73, 15.06,  7.74 , 90.00,   0.00,  -1.10,0.,0.,   0.00,   0.00
166.,  60.00, 12.62, 12.67, 77.95, 77.69,  0.947,  4.313, 12.53, 14.76,  7.74 , 90.00,   0.00,  -0.75,0.,0.,   0.00,   0.00
166., 120.00, 12.54, 12.56, 84.47, 84.34,  0.950,  4.326, 12.49, 14.52,  7.74 , 90.00,   0.00,  -0.40,0.,0.,   0.00,   0.00
166., 180.00, 12.47, 12.49, 91.05, 90.98,  0.953,  4.343, 12.45, 14.34,  7.74 , 90.00,   0.00,  -0.04,0.,0.,   0.00,   0.00
166., 240.00, 12.44, 12.43, 99.27, 99.29,  0.954,  4.345, 12.44, 14.22,  7.74 , 90.00,   0.54,   0.42,0.,0.,   0.00,   0.00
166., 300.00, 12.96, 12.55, 96.66, 99.29,  0.952,  4.336, 13.68, 14.73,  7.74 , 84.48,  38.38,   0.58,0.,0.,   0.00,   0.00
166., 360.00, 15.15, 13.65, 84.40, 93.02,  0.950,  4.326, 17.78, 17.16,  7.74 , 74.34, 150.73,   1.64,0.,0.,   0.00,   0.00
166., 420.00, 18.44, 15.46, 70.09, 84.65,  0.947,  4.316, 23.65, 21.20,  7.74 , 63.67, 287.34,   3.48,0.,0.,   0.00,   0.00
166., 480.00, 22.31, 17.78, 57.61, 76.28,  0.945,  4.306, 30.24, 26.04,  7.74 , 52.74, 424.02,   5.90,0.,0.,   0.00,   0.00
166., 540.00, 26.24, 20.30, 47.41, 67.92,  0.943,  4.296, 36.63, 31.17,  7.74 , 41.89, 551.22,   8.51,0.,0.,   0.00,   0.00
166., 600.00, 29.83, 22.69, 39.06, 59.55,  0.941,  4.286, 42.29, 35.77,  7.74 , 31.67, 643.38,  10.84,0.,0.,   0.00,   0.00
166., 660.00, 32.54, 24.66, 27.10, 42.81,  0.939,  4.277, 46.28, 39.42,  7.74 , 23.35, 706.46,  11.34,0.,0.,   0.00,   0.00
166., 720.00, 34.20, 25.95, 26.67, 42.81,  0.934,  4.257, 48.56, 41.89,  7.74 , 19.79, 725.83,  13.03,0.,0.,   0.00,   0.00
166., 780.00, 34.61, 26.40, 28.24, 45.16,  0.934,  4.257, 48.89, 42.92,  7.74 , 23.35, 706.29,  13.96,0.,0.,   0.00,   0.00
166., 840.00, 33.59, 25.95, 30.62, 47.52,  0.935,  4.261, 46.89, 42.28,  7.74 , 31.67, 644.19,  13.70,0.,0.,   0.00,   0.00
166., 900.00, 31.37, 24.66, 33.72, 49.87,  0.936,  4.265, 43.07, 40.07,  7.74 , 41.89, 552.26,  12.31,0.,0.,   0.00,   0.00
166., 960.00, 28.03, 22.69, 38.02, 52.22,  0.937,  4.269, 37.33, 36.36,  7.74 , 52.74, 425.09,  10.01,0.,0.,   0.00,   0.00
166.,1020.00, 24.13, 20.30, 43.21, 54.58,  0.938,  4.273, 30.82, 31.63,  7.74 , 63.67, 288.25,   7.14,0.,0.,   0.00,   0.00
166.,1080.00, 19.98, 17.78, 49.61, 56.93,  0.939,  4.277, 23.83, 26.47,  7.74 , 74.34, 151.30,   4.09,0.,0.,   0.00,   0.00
166.,1140.00, 16.24, 15.46, 56.42, 59.28,  0.940,  4.280, 17.59, 21.58,  7.74 , 84.48,  38.55,   1.30,0.,0.,   0.00,   0.00
166.,1200.00, 14.49, 14.28, 60.80, 61.64,  0.940,  4.284, 14.85, 18.43,  7.74 , 90.00,   0.54,  -0.03,0.,0.,   0.00,   0.00
166.,1260.00, 13.78, 13.71, 63.69, 63.99,  0.941,  4.288, 13.91, 17.00,  7.74 , 90.00,   0.00,  -0.55,0.,0.,   0.00,   0.00
166.,1320.00, 13.35, 13.31, 66.17, 66.34,  0.942,  4.292, 13.41, 16.22,  7.74 , 90.00,   0.00,  -0.86,0.,0.,   0.00,   0.00
166.,1380.00, 13.08, 13.02, 68.43, 68.70,  0.943,  4.296, 13.18, 15.64,  7.74 , 90.00,   0.00,  -1.03,0.,0.,   0.00,   0.00
196.,   0.00, 15.76, 15.71, 72.53, 72.75,  0.834,  3.800, 15.84, 18.13,  7.74 , 90.00,   0.00,   2.73,0.,0.,   0.00,   0.00
196.,  60.00, 15.60, 15.57, 78.71, 78.88,  0.837,  3.811, 15.65, 17.82,  7.74 , 90.00,   0.00,   3.05,0.,0.,   0.00,   0.00
196., 120.00, 15.51, 15.46, 84.76, 85.00,  0.839,  3.823, 15.58, 17.58,  7.74 , 90.00,   0.00,   3.38,0.,0.,   0.00,   0.00
196., 180.00, 15.44, 15.39, 90.83, 91.13,  0.842,  3.838, 15.53, 17.41,  7.74 , 90.00,   0.00,   3.73,0.,0.,   0.00,   0.00
196., 240.00, 15.40, 15.34, 98.87, 99.27,  0.843,  3.841, 15.50, 17.28,  7.74 , 90.00,   0.16,   4.20,0.,0.,   0.00,   0.00
196., 300.00, 16.01, 15.40, 95.47, 99.27,  0.841,  3.832, 17.03, 17.59,  7.74 , 85.64,  29.62,   4.29,0.,0.,   0.00,   0.00
196., 360.00, 17.99, 16.43, 85.07, 93.94,  0.839,  3.823, 20.61, 20.04,  7.74 , 75.42, 138.93,   5.31,0.,0.,   0.00,   0.00
196., 420.00, 21.43, 18.19, 70.30, 85.99,  0.837,  3.815, 26.86, 24.20,  7.74 , 64.69, 277.36,   7.10,0.,0.,   0.00,   0.00
196., 480.00, 25.40, 20.45, 57.84, 78.04,  0.835,  3.806, 33.65, 29.30,  7.74 , 53.75, 416.86,   9.52,0.,0.,   0.00,   0.00
196., 540.00, 29.48, 22.94, 47.61, 70.08,  0.833,  3.797, 40.39, 34.65,  7.74 , 42.95, 545.24,  12.13,0.,0.,   0.00,   0.00
196., 600.00, 33.21, 25.31, 39.37, 62.13,  0.832,  3.788, 46.38, 39.56,  7.74 , 32.88, 644.03,  14.51,0.,0.,   0.00,   0.00
196., 660.00, 35.98, 27.27, 28.20, 46.23,  0.830,  3.780, 50.49, 43.37,  7.74 , 24.82, 705.77,  15.14,0.,0.,   0.00,   0.00
196., 720.00, 37.68, 28.55, 27.70, 46.23,  0.826,  3.762, 52.86, 45.94,  7.74 , 21.44, 725.62,  16.85,0.,0.,   0.00,   0.00
196., 780.00, 38.09, 29.00, 29.14, 48.44,  0.826,  3.762, 53.18, 47.01,  7.74 , 24.82, 705.60,  17.75,0.,0.,   0.00,   0.00
196., 840.00, 37.04, 28.55, 31.42, 50.65,  0.827,  3.765, 51.16, 46.37,  7.74 , 32.88, 644.81,  17.46,0.,0.,   0.00,   0.00
196., 900.00, 34.68, 27.27, 34.64, 52.86,  0.827,  3.769, 47.01, 43.98,  7.74 , 42.95, 546.22,  16.04,0.,0.,   0.00,   0.00
196., 960.00, 31.20, 25.31, 39.09, 55.07,  0.828,  3.772, 41.00, 40.06,  7.74 , 53.75, 417.87,  13.71,0.,0.,   0.00,   0.00
196.,1020.00, 26.96, 22.94, 45.05, 57.28,  0.829,  3.776, 33.66, 35.13,  7.74 , 64.69, 278.20,  10.81,0.,0.,   0.00,   0.00
196.,1080.00, 22.84, 20.45, 51.41, 59.49,  0.830,  3.779, 26.82, 29.64,  7.74 , 75.42, 139.43,   7.76,0.,0.,   0.00,   0.00
196.,1140.00, 19.11, 18.19, 58.24, 61.70,  0.830,  3.783, 20.64, 24.55,  7.74 , 85.64,  29.75,   4.98,0.,0.,   0.00,   0.00
196.,1200.00, 17.42, 17.12, 62.73, 63.91,  0.831,  3.786, 17.91, 21.49,  7.74 , 90.00,   0.16,   3.79,0.,0.,   0.00,   0.00
196.,1260.00, 16.77, 16.58, 65.31, 66.12,  0.832,  3.790, 17.10, 20.10,  7.74 , 90.00,   0.00,   3.29,0.,0.,   0.00,   0.00
196.,1320.00, 16.31, 16.19, 67.83, 68.33,  0.833,  3.793, 16.50, 19.33,  7.74 , 90.00,   0.00,   2.98,0.,0.,   0.00,   0.00
196.,1380.00, 16.01, 15.91, 70.10, 70.54,  0.833,  3.797, 16.17, 18.75,  7.74 , 90.00,   0.00,   2.80,0.,0.,   0.00,   0.00
227.,   0.00, 14.19, 14.22, 73.77, 73.65,  0.812,  3.700, 14.15, 16.27,  7.74 , 90.00,   0.00,   1.05,0.,0.,   0.00,   0.00
227.,  60.00, 14.11, 14.07, 78.48, 78.72,  0.814,  3.709, 14.19, 15.94,  7.74 , 90.00,   0.00,   1.25,0.,0.,   0.00,   0.00
227., 120.00, 13.92, 13.95, 83.94, 83.79,  0.816,  3.718, 13.88, 15.73,  7.74 , 90.00,   0.00,   1.47,0.,0.,   0.00,   0.00
227., 180.00, 13.83, 13.86, 89.08, 88.86,  0.818,  3.727, 13.76, 15.55,  7.74 , 90.00,   0.00,   1.71,0.,0.,   0.00,   0.00
227., 240.00, 13.78, 13.80, 94.05, 93.94,  0.820,  3.737, 13.75, 15.40,  7.74 , 90.00,   0.00,   1.96,0.,0.,   0.00,   0.00
227., 300.00, 14.10, 13.75, 97.01, 99.26,  0.820,  3.737, 14.69, 15.34,  7.74 , 90.00,   8.90,   2.23,0.,0.,   0.00,   0.00
227., 360.00, 14.95, 14.09, 93.89, 99.26,  0.818,  3.728, 16.38, 16.68,  7.74 , 80.32,  77.34,   2.69,0.,0.,   0.00,   0.00
227., 420.00, 18.04, 15.59, 77.98, 91.09,  0.816,  3.719, 22.09, 20.20,  7.74 , 69.43, 215.07,   4.15,0.,0.,   0.00,   0.00
227., 480.00, 22.12, 17.87, 63.40, 82.48,  0.814,  3.710, 29.14, 25.26,  7.74 , 58.53, 360.41,   6.56,0.,0.,   0.00,   0.00
227., 540.00, 26.43, 20.58, 51.92, 73.87,  0.812,  3.700, 36.08, 30.71,  7.74 , 48.03, 486.56,   9.47,0.,0.,   0.00,   0.00
227., 600.00, 30.50, 23.30, 42.73, 65.26,  0.810,  3.691, 42.39, 35.81,  7.74 , 38.62, 585.37,  12.28,0.,0.,   0.00,   0.00
227., 660.00, 33.58, 25.61, 30.36, 48.04,  0.808,  3.682, 46.71, 39.89,  7.74 , 31.57, 646.00,  13.38,0.,0.,   0.00,   0.00
227., 720.00, 35.62, 27.16, 29.70, 48.04,  0.804,  3.663, 49.54, 42.69,  7.74 , 28.82, 668.08,  15.41,0.,0.,   0.00,   0.00
227., 780.00, 36.10, 27.70, 31.19, 50.17,  0.804,  3.663, 49.91, 43.88,  7.74 , 31.57, 645.83,  16.40,0.,0.,   0.00,   0.00
227., 840.00, 34.97, 27.16, 33.52, 52.31,  0.805,  3.666, 47.82, 43.22,  7.74 , 38.62, 586.27,  15.95,0.,0.,   0.00,   0.00
227., 900.00, 32.34, 25.61, 36.89, 54.44,  0.806,  3.670, 43.42, 40.69,  7.74 , 48.03, 487.69,  14.17,0.,0.,   0.00,   0.00
227., 960.00, 28.51, 23.30, 41.55, 56.57,  0.806,  3.673, 37.10, 36.55,  7.74 , 58.53, 361.52,  11.38,0.,0.,   0.00,   0.00
227.,1020.00, 23.87, 20.58, 48.06, 58.71,  0.807,  3.676, 29.28, 31.23,  7.74 , 69.43, 215.90,   8.03,0.,0.,   0.00,   0.00
227.,1080.00, 19.45, 17.87, 55.13, 60.84,  0.808,  3.680, 22.04, 25.44,  7.74 , 80.32,  77.70,   4.70,0.,0.,   0.00,   0.00
227.,1140.00, 16.67, 16.19, 61.06, 62.98,  0.808,  3.683, 17.47, 21.14,  7.74 , 90.00,   8.94,   2.70,0.,0.,   0.00,   0.00
227.,1200.00, 15.70, 15.54, 64.44, 65.11,  0.809,  3.687, 15.97, 19.04,  7.74 , 90.00,   0.00,   2.05,0.,0.,   0.00,   0.00
227.,1260.00, 15.20, 15.06, 66.65, 67.25,  0.810,  3.690, 15.43, 18.02,  7.74 , 90.00,   0.00,   1.61,0.,0.,   0.00,   0.00
227.,1320.00, 14.74, 14.70, 69.17, 69.38,  0.811,  3.693, 14.82, 17.35,  7.74 , 90.00,   0.00,   1.32,0.,0.,   0.00,   0.00
227.,1380.00, 14.49, 14.42, 71.20, 71.52,  0.811,  3.697, 14.61, 16.81,  7.74 , 90.00,   0.00,   1.15,0.,0.,   0.00,   0.00
258.,   0.00,  9.47,  9.60, 74.45, 73.80,  0.878,  4.000,  9.25, 11.03,  7.74 , 90.00,   0.00,  -4.28,0.,0.,   0.00,   0.00
258.,  60.00,  9.32,  9.44, 79.08, 78.45,  0.880,  4.009,  9.12, 10.75,  7.74 , 90.00,   0.00,  -4.17,0.,0.,   0.00,   0.00
258., 120.00,  9.18,  9.31, 83.83, 83.09,  0.882,  4.018,  8.96, 10.54,  7.74 , 90.00,   0.00,  -4.03,0.,0.,   0.00,   0.00
258., 180.00,  9.10,  9.22, 88.46, 87.74,  0.884,  4.027,  8.89, 10.37,  7.74 , 90.00,   0.00,  -3.86,0.,0.,   0.00,   0.00
258., 240.00,  9.03,  9.14, 93.12, 92.39,  0.887,  4.040,  8.83, 10.23,  7.74 , 90.00,   0.00,  -3.68,0.,0.,   0.00,   0.00
258., 300.00,  8.97,  9.09,100.00, 99.26,  0.888,  4.045,  8.78, 10.13,  7.74 , 90.00,   0.00,  -3.38,0.,0.,   0.00,   0.00
258., 360.00,  9.17,  9.07, 98.57, 99.26,  0.886,  4.034,  9.35, 10.17,  7.74 , 87.79,  10.58,  -3.39,0.,0.,   0.00,   0.00
258., 420.00, 11.35, 10.31, 88.11, 94.45,  0.883,  4.024, 13.13, 12.38,  7.74 , 76.86, 115.18,  -2.08,0.,0.,   0.00,   0.00
258., 480.00, 15.02, 12.54, 72.53, 85.23,  0.881,  4.013, 19.24, 16.55,  7.74 , 66.22, 244.80,   0.24,0.,0.,   0.00,   0.00
258., 540.00, 19.31, 15.38, 59.30, 76.01,  0.879,  4.003, 25.98, 21.54,  7.74 , 56.34, 366.21,   3.27,0.,0.,   0.00,   0.00
258., 600.00, 23.44, 18.35, 48.84, 66.78,  0.876,  3.992, 32.08, 26.66,  7.74 , 47.92, 471.11,   6.37,0.,0.,   0.00,   0.00
258., 660.00, 26.90, 20.93, 33.76, 48.34,  0.874,  3.981, 37.04, 30.81,  7.74 , 42.01, 532.83,   7.87,0.,0.,   0.00,   0.00
258., 720.00, 29.08, 22.68, 33.09, 48.34,  0.869,  3.960, 39.92, 33.70,  7.74 , 39.83, 554.54,  10.10,0.,0.,   0.00,   0.00
258., 780.00, 29.61, 23.30, 34.78, 50.46,  0.869,  3.960, 40.30, 34.92,  7.74 , 42.01, 532.67,  11.13,0.,0.,   0.00,   0.00
258., 840.00, 28.45, 22.68, 37.33, 52.58,  0.870,  3.964, 38.23, 34.23,  7.74 , 47.92, 472.10,  10.57,0.,0.,   0.00,   0.00
258., 900.00, 25.58, 20.93, 41.30, 54.70,  0.871,  3.967, 33.47, 31.53,  7.74 , 56.34, 367.35,   8.56,0.,0.,   0.00,   0.00
258., 960.00, 21.61, 18.35, 46.44, 56.83,  0.872,  3.971, 27.13, 27.32,  7.74 , 66.22, 245.83,   5.47,0.,0.,   0.00,   0.00
258.,1020.00, 17.13, 15.38, 52.74, 58.95,  0.872,  3.975, 20.08, 22.17,  7.74 , 76.86, 115.79,   1.89,0.,0.,   0.00,   0.00
258.,1080.00, 12.93, 12.54, 59.53, 61.07,  0.873,  3.978, 13.59, 17.11,  7.74 , 87.79,  10.64,  -1.54,0.,0.,   0.00,   0.00
258.,1140.00, 11.58, 11.54, 62.99, 63.19,  0.874,  3.982, 11.67, 14.40,  7.74 , 90.00,   0.00,  -2.63,0.,0.,   0.00,   0.00
258.,1200.00, 11.11, 10.92, 64.52, 65.31,  0.875,  3.985, 11.42, 13.18,  7.74 , 90.00,   0.00,  -3.24,0.,0.,   0.00,   0.00
258.,1260.00, 10.39, 10.45, 67.72, 67.43,  0.876,  3.989, 10.29, 12.50,  7.74 , 90.00,   0.00,  -3.67,0.,0.,   0.00,   0.00
258.,1320.00, 10.02, 10.09, 69.91, 69.56,  0.876,  3.993,  9.89, 11.93,  7.74 , 90.00,   0.00,  -3.97,0.,0.,   0.00,   0.00
258.,1380.00,  9.71,  9.82, 72.18, 71.68,  0.877,  3.996,  9.54, 11.49,  7.74 , 90.00,   0.00,  -4.16,0.,0.,   0.00,   0.00
288.,   0.00,  3.61,  3.83, 73.62, 72.50,  1.010,  4.600,  3.22,  4.57,  7.74 , 90.00,   0.00, -10.83,0.,0.,   0.00,   0.00
288.,  60.00,  3.43,  3.66, 77.99, 76.74,  1.012,  4.609,  3.02,  4.34,  7.74 , 90.00,   0.00, -10.78,0.,0.,   0.00,   0.00
288., 120.00,  3.31,  3.52, 82.21, 80.98,  1.014,  4.617,  2.92,  4.16,  7.74 , 90.00,   0.00, -10.71,0.,0.,   0.00,   0.00
288., 180.00,  3.19,  3.42, 86.56, 85.22,  1.015,  4.626,  2.80,  4.01,  7.74 , 90.00,   0.00, -10.61,0.,0.,   0.00,   0.00
288., 240.00,  3.13,  3.33, 90.74, 89.46,  1.017,  4.635,  2.77,  3.87,  7.74 , 90.00,   0.00, -10.49,0.,0.,   0.00,   0.00
288., 300.00,  3.06,  3.26, 95.06, 93.70,  1.020,  4.646,  2.69,  3.77,  7.74 , 90.00,   0.00, -10.37,0.,0.,   0.00,   0.00
288., 360.00,  3.05,  3.21,100.00, 99.28,  1.021,  4.650,  2.76,  3.68,  7.74 , 90.00,   0.07, -10.17,0.,0.,   0.00,   0.00
288., 420.00,  3.45,  3.35, 98.55, 99.28,  1.018,  4.637,  3.64,  4.16,  7.74 , 84.96,  32.03,  -9.99,0.,0.,   0.00,   0.00
288., 480.00,  6.06,  5.02, 85.11, 91.45,  1.015,  4.623,  7.91,  6.62,  7.74 , 74.80, 134.91,  -8.29,0.,0.,   0.00,   0.00
288., 540.00,  9.83,  7.73, 69.42, 80.02,  1.012,  4.609, 13.60, 10.60,  7.74 , 65.68, 243.08,  -5.54,0.,0.,   0.00,   0.00
288., 600.00, 14.00, 10.89, 55.92, 68.59,  1.009,  4.595, 19.56, 15.12,  7.74 , 58.22, 339.91,  -2.34,0.,0.,   0.00,   0.00
288., 660.00, 17.46, 13.81, 36.19, 45.72,  1.006,  4.582, 24.00, 18.98,  7.74 , 53.21, 391.80,  -0.64,0.,0.,   0.00,   0.00
288., 720.00, 19.88, 15.86, 35.51, 45.72,  1.000,  4.554, 27.04, 21.86,  7.74 , 51.42, 417.60,   1.89,0.,0.,   0.00,   0.00
288., 780.00, 20.48, 16.60, 37.60, 47.96,  1.000,  4.554, 27.42, 23.07,  7.74 , 53.21, 391.66,   3.03,0.,0.,   0.00,   0.00
288., 840.00, 19.35, 15.86, 40.28, 50.19,  1.001,  4.558, 25.57, 22.46,  7.74 , 58.22, 340.95,   2.33,0.,0.,   0.00,   0.00
288., 900.00, 16.40, 13.81, 44.37, 52.42,  1.001,  4.562, 21.03, 19.88,  7.74 , 65.68, 244.20,   0.00,0.,0.,   0.00,   0.00
288., 960.00, 12.40, 10.89, 49.44, 54.65,  1.002,  4.567, 15.11, 15.87,  7.74 , 74.80, 135.75,  -3.41,0.,0.,   0.00,   0.00
288.,1020.00,  8.12,  7.73, 55.39, 56.88,  1.003,  4.571,  8.82, 11.31,  7.74 , 84.96,  32.27,  -7.11,0.,0.,   0.00,   0.00
288.,1080.00,  6.23,  6.30, 59.39, 59.11,  1.004,  4.575,  6.11,  8.32,  7.74 , 90.00,   0.07,  -8.71,0.,0.,   0.00,   0.00
288.,1140.00,  5.46,  5.62, 62.03, 61.34,  1.005,  4.579,  5.17,  7.01,  7.74 , 90.00,   0.00,  -9.37,0.,0.,   0.00,   0.00
288.,1200.00,  4.90,  5.08, 64.37, 63.57,  1.006,  4.583,  4.58,  6.28,  7.74 , 90.00,   0.00,  -9.87,0.,0.,   0.00,   0.00
288.,1260.00,  4.51,  4.65, 66.45, 65.81,  1.007,  4.587,  4.27,  5.71,  7.74 , 90.00,   0.00, -10.25,0.,0.,   0.00,   0.00
288.,1320.00,  4.11,  4.31, 69.00, 68.04,  1.008,  4.592,  3.76,  5.28,  7.74 , 90.00,   0.00, -10.52,0.,0.,   0.00,   0.00
288.,1380.00,  4.08,  4.04, 70.09, 70.27,  1.009,  4.596,  4.15,  4.85,  7.74 , 90.00,   0.00, -10.70,0.,0.,   0.00,   0.00
319.,   0.00, -2.45, -2.36, 76.24, 75.65,  1.076,  4.900, -2.62, -1.97,  7.74 , 90.00,   0.00, -16.06,0.,0.,   0.00,   0.00
319.,  60.00, -2.70, -2.51, 80.22, 78.96,  1.077,  4.908, -3.05, -2.04,  7.74 , 90.00,   0.00, -16.10,0.,0.,   0.00,   0.00
319., 120.00, -2.90, -2.64, 84.13, 82.27,  1.079,  4.916, -3.39, -2.10,  7.74 , 90.00,   0.00, -16.11,0.,0.,   0.00,   0.00
319., 180.00, -2.92, -2.74, 86.83, 85.58,  1.081,  4.924, -3.23, -2.19,  7.74 , 90.00,   0.00, -16.11,0.,0.,   0.00,   0.00
319., 240.00, -3.01, -2.83, 90.28, 88.90,  1.083,  4.932, -3.35, -2.24,  7.74 , 90.00,   0.00, -16.08,0.,0.,   0.00,   0.00
319., 300.00, -3.05, -2.90, 93.44, 92.21,  1.084,  4.940, -3.34, -2.29,  7.74 , 90.00,   0.00, -16.04,0.,0.,   0.00,   0.00
319., 360.00, -3.24, -2.95, 97.83, 95.52,  1.086,  4.949, -3.76, -2.28,  7.74 , 90.00,   0.00, -15.99,0.,0.,   0.00,   0.00
319., 420.00, -3.12, -3.00,100.00, 99.24,  1.087,  4.951, -3.36, -2.32,  7.74 , 90.00,   2.19, -15.91,0.,0.,   0.00,   0.00
319., 480.00, -2.34, -2.61, 97.07, 99.24,  1.083,  4.934, -1.86, -1.55,  7.74 , 82.47,  45.62, -15.44,0.,0.,   0.00,   0.00
319., 540.00,  0.29, -0.66, 82.12, 88.58,  1.079,  4.918,  2.04,  0.77,  7.74 , 74.06, 128.61, -13.51,0.,0.,   0.00,   0.00
319., 600.00,  3.95,  2.12, 67.10, 76.41,  1.076,  4.901,  7.31,  3.78,  7.74 , 67.37, 199.27, -10.76,0.,0.,   0.00,   0.00
319., 660.00,  6.91,  4.94, 45.42, 52.06,  1.072,  4.884, 10.53,  6.74,  7.74 , 63.00, 249.13,  -8.78,0.,0.,   0.00,   0.00
319., 720.00,  9.20,  7.03, 44.91, 52.06,  1.065,  4.851, 13.18,  8.88,  7.74 , 61.47, 270.78,  -6.36,0.,0.,   0.00,   0.00
319., 780.00,  9.84,  7.80, 47.07, 54.02,  1.065,  4.851, 13.56,  9.53,  7.74 , 63.00, 249.00,  -5.34,0.,0.,   0.00,   0.00
319., 840.00,  8.66,  7.03, 50.12, 55.99,  1.066,  4.855, 11.63,  8.59,  7.74 , 67.37, 200.37,  -6.11,0.,0.,   0.00,   0.00
319., 900.00,  5.97,  4.94, 53.97, 57.95,  1.067,  4.860,  7.84,  6.26,  7.74 , 74.06, 129.69,  -8.41,0.,0.,   0.00,   0.00
319., 960.00,  2.36,  2.12, 58.89, 59.92,  1.068,  4.864,  2.80,  3.01,  7.74 , 82.47,  46.13, -11.58,0.,0.,   0.00,   0.00
319.,1020.00,  0.15,  0.34, 62.75, 61.89,  1.069,  4.869, -0.20,  0.49,  7.74 , 90.00,   2.21, -13.53,0.,0.,   0.00,   0.00
319.,1080.00, -0.58, -0.32, 65.25, 63.85,  1.070,  4.873, -1.06, -0.50,  7.74 , 90.00,   0.00, -14.20,0.,0.,   0.00,   0.00
319.,1140.00, -1.11, -0.85, 67.22, 65.82,  1.071,  4.878, -1.57, -0.90,  7.74 , 90.00,   0.00, -14.73,0.,0.,   0.00,   0.00
319.,1200.00, -1.45, -1.29, 68.69, 67.79,  1.072,  4.882, -1.74, -1.21,  7.74 , 90.00,   0.00, -15.15,0.,0.,   0.00,   0.00
319.,1260.00, -1.87, -1.64, 71.08, 69.75,  1.073,  4.887, -2.28, -1.43,  7.74 , 90.00,   0.00, -15.48,0.,0.,   0.00,   0.00
319.,1320.00, -2.15, -1.93, 73.03, 71.72,  1.074,  4.891, -2.55, -1.62,  7.74 , 90.00,   0.00, -15.73,0.,0.,   0.00,   0.00
319.,1380.00, -2.37, -2.16, 74.96, 73.68,  1.075,  4.896, -2.74, -1.78,  7.74 , 90.00,   0.00, -15.92,0.,0.,   0.00,   0.00
349.,   0.00,-10.04, -9.76, 78.31, 76.40,  1.054,  4.800,-10.55, -9.73,  7.74 , 90.00,   0.00, -24.98,0.,0.,   0.00,   0.00
349.,  60.00, -9.94, -9.91, 79.67, 79.51,  1.055,  4.808, -9.98, -9.97,  7.74 , 90.00,   0.00, -25.03,0.,0.,   0.00,   0.00
349., 120.00,-10.31,-10.04, 84.66, 82.62,  1.057,  4.815,-10.81,-10.04,  7.74 , 90.00,   0.00, -25.06,0.,0.,   0.00,   0.00
349., 180.00,-10.49,-10.14, 88.43, 85.72,  1.059,  4.823,-11.13,-10.14,  7.74 , 90.00,   0.00, -25.05,0.,0.,   0.00,   0.00
349., 240.00,-10.49,-10.22, 91.00, 88.83,  1.060,  4.830,-10.99,-10.26,  7.74 , 90.00,   0.00, -25.04,0.,0.,   0.00,   0.00
349., 300.00,-10.48,-10.29, 93.53, 91.94,  1.062,  4.838,-10.83,-10.37,  7.74 , 90.00,   0.00, -25.00,0.,0.,   0.00,   0.00
349., 360.00,-10.61,-10.35, 97.34, 95.05,  1.064,  4.848,-11.10,-10.42,  7.74 , 90.00,   0.00, -24.96,0.,0.,   0.00,   0.00
349., 420.00,-10.74,-10.39,100.00, 99.24,  1.065,  4.854,-11.37,-10.45,  7.74 , 90.00,   0.08, -24.87,0.,0.,   0.00,   0.00
349., 480.00,-10.34,-10.27, 99.90, 99.24,  1.062,  4.837,-10.48,-10.16,  7.74 , 86.22,  21.36, -24.70,0.,0.,   0.00,   0.00
349., 540.00, -8.14, -8.60, 87.53, 91.08,  1.058,  4.820, -7.32, -8.38,  7.74 , 78.17,  86.49, -23.03,0.,0.,   0.00,   0.00
349., 600.00, -4.93, -5.99, 71.74, 78.57,  1.054,  4.803, -3.00, -5.39,  7.74 , 71.84, 156.18, -20.44,0.,0.,   0.00,   0.00
349., 660.00, -1.73, -3.24, 47.21, 53.56,  1.051,  4.786,  1.00, -2.28,  7.74 , 67.75, 203.31, -18.44,0.,0.,   0.00,   0.00
349., 720.00,  0.49, -1.17, 46.94, 53.56,  1.043,  4.752,  3.49,  0.10,  7.74 , 66.33, 216.19, -15.98,0.,0.,   0.00,   0.00
349., 780.00,  1.22, -0.40, 49.13, 55.47,  1.043,  4.752,  4.16,  1.22,  7.74 , 67.75, 203.21, -14.96,0.,0.,   0.00,   0.00
349., 840.00,  0.10, -1.17, 51.70, 57.37,  1.044,  4.756,  2.40,  0.65,  7.74 , 71.84, 157.08, -15.76,0.,0.,   0.00,   0.00
349., 900.00, -2.56, -3.24, 55.97, 59.27,  1.045,  4.761, -1.32, -1.54,  7.74 , 78.17,  87.25, -18.11,0.,0.,   0.00,   0.00
349., 960.00, -5.91, -5.99, 60.74, 61.18,  1.046,  4.765, -5.76, -4.61,  7.74 , 86.22,  21.61, -21.26,0.,0.,   0.00,   0.00
349.,1020.00, -7.45, -7.24, 64.25, 63.08,  1.047,  4.769, -7.83, -6.71,  7.74 , 90.00,   0.08, -22.62,0.,0.,   0.00,   0.00
349.,1080.00, -8.11, -7.84, 66.53, 64.98,  1.048,  4.774, -8.60, -7.65,  7.74 , 90.00,   0.00, -23.24,0.,0.,   0.00,   0.00
349.,1140.00, -8.51, -8.34, 67.92, 66.89,  1.049,  4.778, -8.83, -8.22,  7.74 , 90.00,   0.00, -23.74,0.,0.,   0.00,   0.00
349.,1200.00, -9.02, -8.75, 70.47, 68.79,  1.050,  4.783, -9.52, -8.62,  7.74 , 90.00,   0.00, -24.13,0.,0.,   0.00,   0.00
349.,1260.00, -9.53, -9.08, 73.53, 70.69,  1.051,  4.787,-10.34, -8.93,  7.74 , 90.00,   0.00, -24.43,0.,0.,   0.00,   0.00
349.,1320.00, -9.63, -9.35, 74.38, 72.59,  1.052,  4.791,-10.13, -9.27,  7.74 , 90.00,   0.00, -24.67,0.,0.,   0.00,   0.00
349.,1380.00, -9.81, -9.58, 76.06, 74.50,  1.053,  4.796,-10.24, -9.52,  7.74 , 90.00,   0.00, -24.85,0.,0.,   0.00,   0.00
